# This file is subject to the terms and conditions defined in
# 'LICENSE.txt', which is part of this source code distribution.
#
# Copyright 2012-2016 Software Assurance Marketplace

use tool_shed;
/*!40103 SET @OLD_TIME_ZONE=@@TIME_ZONE */;
/*!40103 SET TIME_ZONE='+00:00' */;
/*!40014 SET @OLD_FOREIGN_KEY_CHECKS=@@FOREIGN_KEY_CHECKS, FOREIGN_KEY_CHECKS=0 */;
/*!40101 SET @OLD_SQL_MODE=@@SQL_MODE, SQL_MODE='NO_AUTO_VALUE_ON_ZERO' */;
/*!40111 SET @OLD_SQL_NOTES=@@SQL_NOTES, SQL_NOTES=0 */;

LOCK TABLES `tool` WRITE;
INSERT INTO `tool` (`tool_uuid`, `tool_owner_uuid`, `name`, `description`, `tool_sharing_status`, `is_build_needed`, `policy_code`, `create_user`, `create_date`, `update_user`, `update_date`) VALUES ('0f668fb0-4421-11e4-a4f3-001a4a81450b','80835e30-d527-11e2-8b8b-0800200c9a66','Pylint','Pylint is a tool that checks for errors in Python code, tries to enforce a coding standard, and looks for bad code smells. <a href=\"http://www.pylint.org/\">http://www.pylint.org/</a>','PUBLIC',0,NULL,'root@localhost','2014-10-16 15:00:59','root@localhost','2015-03-10 15:05:06');
INSERT INTO `tool` (`tool_uuid`, `tool_owner_uuid`, `name`, `description`, `tool_sharing_status`, `is_build_needed`, `policy_code`, `create_user`, `create_date`, `update_user`, `update_date`) VALUES ('163d56a7-156e-11e3-a239-001a4a81450b','80835e30-d527-11e2-8b8b-0800200c9a66','Findbugs','FindBugs is a program to find bugs in Java code. It looks for \"bug patterns\" - code instances that are likely to be errors. <a href=\"http://findbugs.sourceforge.net/\">http://findbugs.sourceforge.net/</a>','PUBLIC',1,NULL,'pschell@pschell.mirsam.or','2014-02-02 22:03:08','root@localhost','2015-03-10 15:05:06');
INSERT INTO `tool` (`tool_uuid`, `tool_owner_uuid`, `name`, `description`, `tool_sharing_status`, `is_build_needed`, `policy_code`, `create_user`, `create_date`, `update_user`, `update_date`) VALUES ('163e5d8c-156e-11e3-a239-001a4a81450b','80835e30-d527-11e2-8b8b-0800200c9a66','cppcheck','Cppcheck is a static analysis tool for C/C++ code. Unlike C/C++ compilers and many other analysis tools, it does not detect syntax errors in the code. Cppcheck primarily detects the types of bugs that the compilers normally do not detect. The goal is to detect only real errors in the code (i.e. have zero false positives). <a href=\"http://cppcheck.sourceforge.net/\">http://cppcheck.sourceforge.net/</a>','PUBLIC',0,NULL,'pschell@pschell.mirsam.or','2014-02-02 22:03:08','root@localhost','2015-03-10 15:05:06');
INSERT INTO `tool` (`tool_uuid`, `tool_owner_uuid`, `name`, `description`, `tool_sharing_status`, `is_build_needed`, `policy_code`, `create_user`, `create_date`, `update_user`, `update_date`) VALUES ('163f2b01-156e-11e3-a239-001a4a81450b','80835e30-d527-11e2-8b8b-0800200c9a66','PMD','PMD is a Java source code analyzer. It finds common programming flaws like unused variables, empty catch blocks, and unnecessary object creation. <a href=\"http://pmd.sourceforge.net/\">http://pmd.sourceforge.net/</a>','PUBLIC',0,NULL,'pschell@pschell.mirsam.or','2014-02-02 22:03:08','root@localhost','2015-03-10 15:05:06');
INSERT INTO `tool` (`tool_uuid`, `tool_owner_uuid`, `name`, `description`, `tool_sharing_status`, `is_build_needed`, `policy_code`, `create_user`, `create_date`, `update_user`, `update_date`) VALUES ('56872C2E-1D78-4DB0-B976-83ACF5424C52','80835e30-d527-11e2-8b8b-0800200c9a66','error-prone','Error-prone augments the compiler\'s type analysis to catch Java mistakes before they end up as bugs in production. <a href=\"http://errorprone.info/\">http://errorprone.info/</a>','PUBLIC',0,NULL,'root@localhost','2014-06-10 15:03:55','root@localhost','2015-03-10 15:05:06');
INSERT INTO `tool` (`tool_uuid`, `tool_owner_uuid`, `name`, `description`, `tool_sharing_status`, `is_build_needed`, `policy_code`, `create_user`, `create_date`, `update_user`, `update_date`) VALUES ('59612f24-0946-11e5-b6a7-001a4a81450b','80835e30-d527-11e2-8b8b-0800200c9a66','ruby-lint','A linter and static code analysis tool for Ruby. <a href=\"https://rubygems.org/gems/ruby-lint\">https://rubygems.org/gems/ruby-lint</a>','PUBLIC',0,NULL,'root@localhost','2015-06-16 15:04:36',NULL,NULL);
INSERT INTO `tool` (`tool_uuid`, `tool_owner_uuid`, `name`, `description`, `tool_sharing_status`, `is_build_needed`, `policy_code`, `create_user`, `create_date`, `update_user`, `update_date`) VALUES ('5cd726a5-4053-11e5-83f1-001a4a81450b','80835e30-d527-11e2-8b8b-0800200c9a66','Brakeman','An open source vulnerability scanner specifically designed for Ruby on Rails applications. <a href=\"http://brakemanscanner.org/\">http://brakemanscanner.org/</a>','PUBLIC',0,NULL,'root@localhost','2015-10-01 15:06:29',NULL,NULL);
INSERT INTO `tool` (`tool_uuid`, `tool_owner_uuid`, `name`, `description`, `tool_sharing_status`, `is_build_needed`, `policy_code`, `create_user`, `create_date`, `update_user`, `update_date`) VALUES ('63695cd8-a73e-11e4-a335-001a4a81450b','80835e30-d527-11e2-8b8b-0800200c9a66','Flake8','Flake8 is a Python tool that glues together pep8, pyflakes, mccabe, and third-party plugins to check the style and quality of Python code. <a href=\"https://gitlab.com/pycqa/flake8\">https://gitlab.com/pycqa/flake8</a>','PUBLIC',0,NULL,'root@localhost','2015-02-17 16:00:53','root@localhost','2015-03-10 15:05:06');
INSERT INTO `tool` (`tool_uuid`, `tool_owner_uuid`, `name`, `description`, `tool_sharing_status`, `is_build_needed`, `policy_code`, `create_user`, `create_date`, `update_user`, `update_date`) VALUES ('738b81f0-a828-11e5-865f-001a4a81450b','80835e30-d527-11e2-8b8b-0800200c9a66','RevealDroid','RevealDroid finds malware in Android applications. <a href="http://isr.uci.edu/sites/isr.uci.edu/files/techreports/UCI-ISR-16-2.pdf">http://isr.uci.edu/sites/isr.uci.edu/files/techreports/UCI-ISR-16-2.pdf</a>','PUBLIC',0,NULL,'root@localhost','2016-01-12 16:18:06',NULL,NULL);
INSERT INTO `tool` (`tool_uuid`, `tool_owner_uuid`, `name`, `description`, `tool_sharing_status`, `is_build_needed`, `policy_code`, `create_user`, `create_date`, `update_user`, `update_date`) VALUES ('7A08B82D-3A3B-45CA-8644-105088741AF6','80835e30-d527-11e2-8b8b-0800200c9a66','GCC','The GNU Compiler Collection includes front ends for C & C++. GCC was originally written as the compiler for the GNU operating system. <a href=\"https://gcc.gnu.org/\">https://gcc.gnu.org/</a>','PUBLIC',0,NULL,'pschell@pschell.mirsam.or','2014-02-02 22:03:08','root@localhost','2015-03-10 15:05:06');
INSERT INTO `tool` (`tool_uuid`, `tool_owner_uuid`, `name`, `description`, `tool_sharing_status`, `is_build_needed`, `policy_code`, `create_user`, `create_date`, `update_user`, `update_date`) VALUES ('7fbfa454-8f9f-11e4-829b-001a4a81450b','80835e30-d527-11e2-8b8b-0800200c9a66','Bandit','Bandit provides a framework for performing security analysis of Python source code. <a href=\"https://wiki.openstack.org/wiki/Security/Projects/Bandit\">https://wiki.openstack.org/wiki/Security/Projects/Bandit</a>','PUBLIC',0,NULL,'root@localhost','2015-01-20 16:05:55','root@localhost','2015-03-10 15:05:06');
INSERT INTO `tool` (`tool_uuid`, `tool_owner_uuid`, `name`, `description`, `tool_sharing_status`, `is_build_needed`, `policy_code`, `create_user`, `create_date`, `update_user`, `update_date`) VALUES ('8157e489-1fbc-11e5-b6a7-001a4a81450b','80835e30-d527-11e2-8b8b-0800200c9a66','Reek','Code smell detector for Ruby. <a href=\"https://github.com/troessner/reek\">https://github.com/troessner/reek</a>','PUBLIC',0,NULL,'root@localhost','2015-08-04 15:02:14',NULL,NULL);
INSERT INTO `tool` (`tool_uuid`, `tool_owner_uuid`, `name`, `description`, `tool_sharing_status`, `is_build_needed`, `policy_code`, `create_user`, `create_date`, `update_user`, `update_date`) VALUES ('9289b560-8f8b-11e4-829b-001a4a81450b','80835e30-d527-11e2-8b8b-0800200c9a66','Android lint','Android Lint is a static code analysis tool that checks Android project source files for potential bugs and optimization improvements for correctness, security, performance, usability, accessibility, and internationalization. <a href=\"http://tools.android.com/tips/lint\">http://tools.android.com/tips/lint</a>','PUBLIC',0,NULL,'root@localhost','2015-01-20 16:05:55','root@localhost','2015-03-10 15:05:06');
INSERT INTO `tool` (`tool_uuid`, `tool_owner_uuid`, `name`, `description`, `tool_sharing_status`, `is_build_needed`, `policy_code`, `create_user`, `create_date`, `update_user`, `update_date`) VALUES ('992A48A5-62EC-4EE9-8429-45BB94275A41','80835e30-d527-11e2-8b8b-0800200c9a66','checkstyle','Checkstyle is a development tool to help programmers write Java code that adheres to a coding standard. <a href=\"http://checkstyle.sourceforge.net/\">http://checkstyle.sourceforge.net/</a>','PUBLIC',0,NULL,'root@localhost','2014-06-10 15:03:55','root@localhost','2015-03-10 15:05:06');
INSERT INTO `tool` (`tool_uuid`, `tool_owner_uuid`, `name`, `description`, `tool_sharing_status`, `is_build_needed`, `policy_code`, `create_user`, `create_date`, `update_user`, `update_date`) VALUES ('b9560648-4057-11e5-83f1-001a4a81450b','80835e30-d527-11e2-8b8b-0800200c9a66','Dawn','A static analysis security scanner for ruby written web applications. It supports Sinatra, Padrino and Ruby on Rails frameworks. <a href=\"https://github.com/thesp0nge/dawnscanner\">https://github.com/thesp0nge/dawnscanner/</a>','PUBLIC',0,NULL,'root@localhost','2015-10-01 15:06:29',NULL,NULL);
INSERT INTO `tool` (`tool_uuid`, `tool_owner_uuid`, `name`, `description`, `tool_sharing_status`, `is_build_needed`, `policy_code`, `create_user`, `create_date`, `update_user`, `update_date`) VALUES ('d032d8ec-9184-11e6-88bc-001a4a81450b','80835e30-d527-11e2-8b8b-0800200c9a66','OWASP Dependency Check','Dependency-Check is a utility that identifies project dependencies and checks if there are any known, publicly disclosed, vulnerabilities. <a href=\"https://www.owasp.org/index.php/OWASP_Dependency_Check\">https://www.owasp.org/index.php/OWASP_Dependency_Check</a>','PUBLIC',0,NULL,'root@localhost','2016-11-08 16:02:10',NULL,NULL);
INSERT INTO `tool` (`tool_uuid`, `tool_owner_uuid`, `name`, `description`, `tool_sharing_status`, `is_build_needed`, `policy_code`, `create_user`, `create_date`, `update_user`, `update_date`) VALUES ('ebcab7f6-0935-11e5-b6a7-001a4a81450b','80835e30-d527-11e2-8b8b-0800200c9a66','RuboCop','A Ruby static code analyzer, based on the community Ruby style guide. <a href=\"https://github.com/bbatsov/rubocop\">https://github.com/bbatsov/rubocop</a>','PUBLIC',0,NULL,'root@localhost','2015-06-16 15:04:36',NULL,NULL);
INSERT INTO `tool` (`tool_uuid`, `tool_owner_uuid`, `name`, `description`, `tool_sharing_status`, `is_build_needed`, `policy_code`, `create_user`, `create_date`, `update_user`, `update_date`) VALUES ('f212557c-3050-11e3-9a3e-001a4a81450b','80835e30-d527-11e2-8b8b-0800200c9a66','Clang Static Analyzer','The Clang Static Analyzer is a source code analysis tool that finds bugs in C & C++. <a href=\"http://clang-analyzer.llvm.org/\">http://clang-analyzer.llvm.org/</a>','public',0,NULL,'pschell@pschell.mirsam.or','2014-02-02 22:03:08','root@localhost','2015-03-10 15:05:06');
UNLOCK TABLES;

LOCK TABLES `tool_version` WRITE;
INSERT INTO `tool_version` (`tool_version_uuid`, `tool_uuid`, `version_no`, `version_string`, `release_date`, `retire_date`, `comment_public`, `comment_private`, `tool_path`, `checksum`, `tool_executable`, `tool_arguments`, `tool_directory`, `create_user`, `create_date`, `update_user`, `update_date`) VALUES ('04be7ddc-e099-11e5-ae56-001a4a81450b','163f2b01-156e-11e3-a239-001a4a81450b',4,'5.4.1','2016-04-12 15:06:18',NULL,'PMD v5.4.1',NULL,'/swamp/store/SCATools/pmd/pmd-5.4.1.tar.gz','d559586eb16b0e1d1d1f1f9ccfc60583ba8b35ca8776dce7b7c297b684e6197e94563ceae328af86a8e51fa64c698709ee85cb8fe1582a198f8727f83781ac75','net.sourceforge.pmd.PMD','','pmd-bin-5.4.1','root@localhost','2016-04-12 15:06:18',NULL,NULL);
INSERT INTO `tool_version` (`tool_version_uuid`, `tool_uuid`, `version_no`, `version_string`, `release_date`, `retire_date`, `comment_public`, `comment_private`, `tool_path`, `checksum`, `tool_executable`, `tool_arguments`, `tool_directory`, `create_user`, `create_date`, `update_user`, `update_date`) VALUES ('0667d30a-a7f0-11e4-a335-001a4a81450b','992A48A5-62EC-4EE9-8429-45BB94275A41',2,'6.2','2015-02-17 16:00:53',NULL,'Checkstyle 6.2',NULL,'/swamp/store/SCATools/checkstyle/checkstyle-6.2-3.tar.gz','c497e59baf1f1008052bba0dcf176f1394429d156b911d910da6750fe925262ad75d34e778838a806bd3d501d6ef80f877880551658ca549e7c4e39bbce67b91','checkstyle-6.2-all.jar','','checkstyle-6.2','root@localhost','2015-02-17 16:00:53','root@localhost','2016-04-12 15:06:18');
INSERT INTO `tool_version` (`tool_version_uuid`, `tool_uuid`, `version_no`, `version_string`, `release_date`, `retire_date`, `comment_public`, `comment_private`, `tool_path`, `checksum`, `tool_executable`, `tool_arguments`, `tool_directory`, `create_user`, `create_date`, `update_user`, `update_date`) VALUES ('09449DE5-8E63-44EA-8396-23C64525D57C','992A48A5-62EC-4EE9-8429-45BB94275A41',1,'5.7','2014-06-10 15:03:55',NULL,'Checkstyle v5.7',NULL,'/swamp/store/SCATools/checkstyle/checkstyle-5.7-5.tar.gz','48e3fdd4d87077785fdc8c2d0344dc39d94d0ff5a561a75f7af0528d04e5cfd3d2479f496fad5c4666d4f386c5436b1e30dfb159c7e30db11d593b39899d5b7c','checkstyle','','checkstyle','root@localhost','2014-06-10 15:03:55','root@localhost','2016-04-12 15:06:18');
INSERT INTO `tool_version` (`tool_version_uuid`, `tool_uuid`, `version_no`, `version_string`, `release_date`, `retire_date`, `comment_public`, `comment_private`, `tool_path`, `checksum`, `tool_executable`, `tool_arguments`, `tool_directory`, `create_user`, `create_date`, `update_user`, `update_date`) VALUES ('142e9a79-4425-11e4-a4f3-001a4a81450b','0f668fb0-4421-11e4-a4f3-001a4a81450b',1,'1.3.1','2014-10-16 15:00:59',NULL,'Pylint v1.3.1 for Python 2 & 3',NULL,NULL,NULL,NULL,NULL,NULL,'root@localhost','2014-10-16 15:00:59',NULL,NULL);
INSERT INTO `tool_version` (`tool_version_uuid`, `tool_uuid`, `version_no`, `version_string`, `release_date`, `retire_date`, `comment_public`, `comment_private`, `tool_path`, `checksum`, `tool_executable`, `tool_arguments`, `tool_directory`, `create_user`, `create_date`, `update_user`, `update_date`) VALUES ('163fe1e7-156e-11e3-a239-001a4a81450b','163d56a7-156e-11e3-a239-001a4a81450b',1,'2.0.2 (FindSecurityBugs 1.1.0)','2013-10-18 20:16:54',NULL,'FindBugs+FindSecurityBugs',NULL,'/swamp/store/SCATools/findbugs/findbugs-2.0.2-3.tar.gz','13c29fff911b7a9eb9e9670591263b89878b5321d49122689377f37790e8b9673d253f24d7c9d64161a8cb4a2ffdb135e4f0edf3f58d06f5e1d83b9415b4bbd7','bin/findbugs','','findbugs-2.0.2','pschell@pschell.mirsam.or','2014-02-02 22:03:08','root@localhost','2016-04-12 15:06:18');
INSERT INTO `tool_version` (`tool_version_uuid`, `tool_uuid`, `version_no`, `version_string`, `release_date`, `retire_date`, `comment_public`, `comment_private`, `tool_path`, `checksum`, `tool_executable`, `tool_arguments`, `tool_directory`, `create_user`, `create_date`, `update_user`, `update_date`) VALUES ('16414980-156e-11e3-a239-001a4a81450b','163f2b01-156e-11e3-a239-001a4a81450b',1,'5.0.4','2013-10-25 19:30:17',NULL,NULL,NULL,'/swamp/store/SCATools/pmd/pmd-5.0.4-4.tar.gz','f01675549772197a96ec85445f30622a5588a1d25ecc1e2be6485d3e722a2f15052979a3b83ab84c809156f543207ae1f00f9435f5053f82bc19f10e5db88ae4','bin/run.sh','','pmd-bin-5.0.4','pschell@pschell.mirsam.or','2014-02-02 22:03:08','root@localhost','2016-04-12 15:06:18');
INSERT INTO `tool_version` (`tool_version_uuid`, `tool_uuid`, `version_no`, `version_string`, `release_date`, `retire_date`, `comment_public`, `comment_private`, `tool_path`, `checksum`, `tool_executable`, `tool_arguments`, `tool_directory`, `create_user`, `create_date`, `update_user`, `update_date`) VALUES ('1ad625bd-71d5-11e5-865f-001a4a81450b','63695cd8-a73e-11e4-a335-001a4a81450b',2,'2.4.1','2015-11-19 16:09:10',NULL,'Flake8 v2.4.1 for Python 2 & 3',NULL,NULL,NULL,NULL,NULL,NULL,'root@localhost','2015-11-19 16:09:10',NULL,NULL);
INSERT INTO `tool_version` (`tool_version_uuid`, `tool_uuid`, `version_no`, `version_string`, `release_date`, `retire_date`, `comment_public`, `comment_private`, `tool_path`, `checksum`, `tool_executable`, `tool_arguments`, `tool_directory`, `create_user`, `create_date`, `update_user`, `update_date`) VALUES ('1c9a1589-bf05-11e5-832a-001a4a81450b','163e5d8c-156e-11e3-a239-001a4a81450b',4,'1.72','2016-03-15 15:05:39',NULL,'Cppcheck 1.72',NULL,'/swamp/store/SCATools/cppcheck/cppcheck-1.72-1.tar','da2c0b736c1850c3e955e7fa19a4ffb9dfb6e97cb482a4df347c8a67424733948d870de0ec25947718ca1feee9271c608fb21883db73808edd1c245bb2cd50b5','bin/cppcheck','','cppcheck-1.72','root@localhost','2016-03-15 15:05:39','root@localhost','2016-11-08 16:02:10');
INSERT INTO `tool_version` (`tool_version_uuid`, `tool_uuid`, `version_no`, `version_string`, `release_date`, `retire_date`, `comment_public`, `comment_private`, `tool_path`, `checksum`, `tool_executable`, `tool_arguments`, `tool_directory`, `create_user`, `create_date`, `update_user`, `update_date`) VALUES ('27ea7f63-a813-11e4-a335-001a4a81450b','163d56a7-156e-11e3-a239-001a4a81450b',3,'3.0.0 (FindSecurityBugs 1.3)','2015-02-17 16:00:53',NULL,'Findbugs 3.0.0 (with FindSecurityBugs-1.3.0 plugin)',NULL,'/swamp/store/SCATools/findbugs/findbugs-3.0.0-3.tar.gz','07df890ceeb48a409a98843513cf53db26ad3ed0d1af75965958872c460dddf50de4873564baaa98e98b21a1cc6f02e0ecc095ba51ebed696bd0bb9077204d47','lib/findbugs.jar','','findbugs-3.0.0','root@localhost','2015-02-17 16:00:53','root@localhost','2016-04-12 15:06:18');
INSERT INTO `tool_version` (`tool_version_uuid`, `tool_uuid`, `version_no`, `version_string`, `release_date`, `retire_date`, `comment_public`, `comment_private`, `tool_path`, `checksum`, `tool_executable`, `tool_arguments`, `tool_directory`, `create_user`, `create_date`, `update_user`, `update_date`) VALUES ('2a16b653-7449-11e5-865f-001a4a81450b','7fbfa454-8f9f-11e4-829b-001a4a81450b',2,'0.14.0','2015-11-19 16:09:10',NULL,'Bandit for Python 2 & 3',NULL,NULL,NULL,NULL,NULL,NULL,'root@localhost','2015-11-19 16:09:10',NULL,NULL);
INSERT INTO `tool_version` (`tool_version_uuid`, `tool_uuid`, `version_no`, `version_string`, `release_date`, `retire_date`, `comment_public`, `comment_private`, `tool_path`, `checksum`, `tool_executable`, `tool_arguments`, `tool_directory`, `create_user`, `create_date`, `update_user`, `update_date`) VALUES ('325CA868-0D19-4B00-B034-3786887541AA','7A08B82D-3A3B-45CA-8644-105088741AF6',1,'current',NULL,NULL,'GCC',NULL,'/swamp/store/SCATools/gcc/gcc-warn-0.9.tar.gz','d97c43bd44ca4ec9c58e7fba2baff0536261d633ad6d53f09f84aa4427cc5fae4f1d350c0de681b24d85f470c86b26dd812db0c41e9795729f1296cfae558d4d','','','','pschell@pschell.mirsam.or','2014-02-02 22:03:08','root@localhost','2015-11-19 16:09:10');
INSERT INTO `tool_version` (`tool_version_uuid`, `tool_uuid`, `version_no`, `version_string`, `release_date`, `retire_date`, `comment_public`, `comment_private`, `tool_path`, `checksum`, `tool_executable`, `tool_arguments`, `tool_directory`, `create_user`, `create_date`, `update_user`, `update_date`) VALUES ('4c1ec754-cb53-11e3-8775-001a4a81450b','163d56a7-156e-11e3-a239-001a4a81450b',2,'2.0.3 (FindSecurityBugs 1.2)','2014-04-29 15:15:53',NULL,'FindBugs+FindSecurityBugs',NULL,'/swamp/store/SCATools/findbugs/findbugs-2.0.3-5.tar.gz','83a1e973a7a674e58c211432d5ac4977866d33edfb0d83e4e21c0f47271375c969934788fb246da13ea0a6aae7b69f9b42a806278ba59d60df37609e3279fa33','bin/findbugs','','findbugs-2.0.3','root@localhost','2014-04-29 15:15:53','root@localhost','2016-04-12 15:06:18');
INSERT INTO `tool_version` (`tool_version_uuid`, `tool_uuid`, `version_no`, `version_string`, `release_date`, `retire_date`, `comment_public`, `comment_private`, `tool_path`, `checksum`, `tool_executable`, `tool_arguments`, `tool_directory`, `create_user`, `create_date`, `update_user`, `update_date`) VALUES ('4fcb04a8-e096-11e5-ae56-001a4a81450b','56872C2E-1D78-4DB0-B976-83ACF5424C52',2,'2.0.9','2016-04-12 15:06:18',NULL,'error-prone v2.0.9',NULL,'/swamp/store/SCATools/error-prone/error-prone-2.0.9.tar.gz','a90c1ed3c6b36294bdf4e8d65f37e3301fd3b2931b7e9ae9285e4ca1e3b5f929af198c15bc1383f11958ac6ffabad9dbf98ded0d75785c0f8bfa9661aaeed13b','error_prone_ant-2.0.9.jar','','error-prone-2.0.9','root@localhost','2016-04-12 15:06:18',NULL,NULL);
INSERT INTO `tool_version` (`tool_version_uuid`, `tool_uuid`, `version_no`, `version_string`, `release_date`, `retire_date`, `comment_public`, `comment_private`, `tool_path`, `checksum`, `tool_executable`, `tool_arguments`, `tool_directory`, `create_user`, `create_date`, `update_user`, `update_date`) VALUES ('5230FE76-E658-4B3A-AD40-7D55F7A21955','56872C2E-1D78-4DB0-B976-83ACF5424C52',1,'1.1.1','2014-06-10 15:03:55',NULL,'error-prone v1.1.1',NULL,'/swamp/store/SCATools/error-prone/error-prone-1.1.1-5.tar.gz','3e083afea07ec714e9e107c17c1c9870b1d2bb6c01973ae904451be9ce0ad8595a35c71148ba84f90df519dbe0ead6fa041011adb052e27b85140724e1f7c65f','','','','root@localhost','2014-06-10 15:03:55','root@localhost','2016-04-12 15:06:18');
INSERT INTO `tool_version` (`tool_version_uuid`, `tool_uuid`, `version_no`, `version_string`, `release_date`, `retire_date`, `comment_public`, `comment_private`, `tool_path`, `checksum`, `tool_executable`, `tool_arguments`, `tool_directory`, `create_user`, `create_date`, `update_user`, `update_date`) VALUES ('6b06aaa6-4053-11e5-83f1-001a4a81450b','5cd726a5-4053-11e5-83f1-001a4a81450b',1,'3.05','2015-10-01 15:06:29',NULL,'Brakeman 3.05 for Ruby',NULL,'/swamp/store/SCATools/brakeman/brakeman-3.0.5-2.tar.gz','778bd9ed4d3c4cdc875b6e464a2473ad617e14e8c734bad3280d7b8e1686b448d94e2a23158ddde535e3bcc44279ad1c949c44f9f9c74fab93ab5770d3fce058','brakeman','','brakeman-3.0.5','root@localhost','2015-10-01 15:06:29','root@localhost','2016-04-12 15:06:18');
INSERT INTO `tool_version` (`tool_version_uuid`, `tool_uuid`, `version_no`, `version_string`, `release_date`, `retire_date`, `comment_public`, `comment_private`, `tool_path`, `checksum`, `tool_executable`, `tool_arguments`, `tool_directory`, `create_user`, `create_date`, `update_user`, `update_date`) VALUES ('6b5624a0-0946-11e5-b6a7-001a4a81450b','59612f24-0946-11e5-b6a7-001a4a81450b',1,'2.0.4','2015-06-16 15:04:36',NULL,'ruby-lint 2.0.4 for Ruby',NULL,'/swamp/store/SCATools/ruby-lint/ruby-lint-2.0.4-2.tar.gz','09b445f60c94d96bd8f4a354a8d1574265210c1dfb3a95ca335a83ec9bba397a7bc5356308c9d10affbb9957e9251dd6cd9c2c79ef3ce24a016a12c1b7b12a97','ruby-lint','','ruby-lint-2.0.4','root@localhost','2015-06-16 15:04:36','root@localhost','2016-04-12 15:06:18');
INSERT INTO `tool_version` (`tool_version_uuid`, `tool_uuid`, `version_no`, `version_string`, `release_date`, `retire_date`, `comment_public`, `comment_private`, `tool_path`, `checksum`, `tool_executable`, `tool_arguments`, `tool_directory`, `create_user`, `create_date`, `update_user`, `update_date`) VALUES ('7059b296-4c14-11e5-83f1-001a4a81450b','8157e489-1fbc-11e5-b6a7-001a4a81450b',2,'3.1','2015-10-01 15:06:29',NULL,'Reek 3.1 for Ruby',NULL,'/swamp/store/SCATools/reek/reek-3.1-4.tar.gz','9596455db7985e5dc520034b6f4e01b9fb4a96885f5810ef2b4affa3e97e68473302918a4816e9126affd7d2d9822ddf6d1fad2f9d5749ae85eba55274e6b951','reek','','reek-3.1','root@localhost','2015-10-01 15:06:29','root@localhost','2016-04-12 15:06:18');
INSERT INTO `tool_version` (`tool_version_uuid`, `tool_uuid`, `version_no`, `version_string`, `release_date`, `retire_date`, `comment_public`, `comment_private`, `tool_path`, `checksum`, `tool_executable`, `tool_arguments`, `tool_directory`, `create_user`, `create_date`, `update_user`, `update_date`) VALUES ('7b504c42-bf06-11e5-832a-001a4a81450b','163e5d8c-156e-11e3-a239-001a4a81450b',3,'1.71','2016-03-15 15:05:38',NULL,'Cppcheck 1.71',NULL,'/swamp/store/SCATools/cppcheck/cppcheck-1.71-1.tar','0ea979ed9498c69ecd51b66d709640da3ad0768e1cdbbb664fb72bb631f17f36a84271069bba87231ec6a46d739e6bac95995337705ce1f8b6fdb0f751d4b9c1','bin/cppcheck','','cppcheck-1.71','root@localhost','2016-03-15 15:05:38','root@localhost','2016-11-08 16:02:10');
INSERT INTO `tool_version` (`tool_version_uuid`, `tool_uuid`, `version_no`, `version_string`, `release_date`, `retire_date`, `comment_public`, `comment_private`, `tool_path`, `checksum`, `tool_executable`, `tool_arguments`, `tool_directory`, `create_user`, `create_date`, `update_user`, `update_date`) VALUES ('8666e176-a828-11e5-865f-001a4a81450b','738b81f0-a828-11e5-865f-001a4a81450b',1,'2015.11.05','2016-01-12 16:18:06',NULL,'RevealDroid 2015.11.05',NULL,'/swamp/store/SCATools/revealdroid/revealdroid-2015.11.05-1.tar','1a0d4a9e0696db42a37fdba6dd0304b83c7450e1ef5a2873347ecc87320b9e24008a66c058fd9969eddbe5dd1b20eb61b705845ff49b69897946b3095ca3d4a8',NULL,NULL,NULL,'root@localhost','2016-01-12 16:18:06','root@localhost','2016-04-12 15:06:18');
INSERT INTO `tool_version` (`tool_version_uuid`, `tool_uuid`, `version_no`, `version_string`, `release_date`, `retire_date`, `comment_public`, `comment_private`, `tool_path`, `checksum`, `tool_executable`, `tool_arguments`, `tool_directory`, `create_user`, `create_date`, `update_user`, `update_date`) VALUES ('8ec206ff-f59b-11e3-8775-001a4a81450b','f212557c-3050-11e3-9a3e-001a4a81450b',1,'3.3','2014-07-15 15:21:14',NULL,'Clang Static Analyzer 3.3',NULL,'/swamp/store/SCATools/clang/clang-sa-3.3-1.tar','b374f85530bfd3924cfb370bf18538b3bf32cada2ae61471fec419b929a8d6e2ba597340a09a1b7482e078a479f1b343b75ff1307d9e0aec44ced91b858bcda8','bin/scan-build/scan-build','','clang-sa-3.3','root@localhost','2014-07-15 15:21:14','root@localhost','2016-11-08 16:02:10');
INSERT INTO `tool_version` (`tool_version_uuid`, `tool_uuid`, `version_no`, `version_string`, `release_date`, `retire_date`, `comment_public`, `comment_private`, `tool_path`, `checksum`, `tool_executable`, `tool_arguments`, `tool_directory`, `create_user`, `create_date`, `update_user`, `update_date`) VALUES ('90554576-81a0-11e5-865f-001a4a81450b','f212557c-3050-11e3-9a3e-001a4a81450b',2,'3.7','2015-11-19 16:09:10',NULL,'Clang Static Analyzer 3.7',NULL,'/swamp/store/SCATools/clang/clang-sa-3.7.0-1.tar','28aa0f195a7b3880145a2d82cbeeeaed77b3e739f053ae820ad61304be0185d62715c6e4007f063999f02c12de51d375a11aa99f622783e0175286da4a1ef34d','bin/scan-build/scan-build','','clang-sa-3.7.0','root@localhost','2015-11-19 16:09:10','root@localhost','2016-11-08 16:02:10');
INSERT INTO `tool_version` (`tool_version_uuid`, `tool_uuid`, `version_no`, `version_string`, `release_date`, `retire_date`, `comment_public`, `comment_private`, `tool_path`, `checksum`, `tool_executable`, `tool_arguments`, `tool_directory`, `create_user`, `create_date`, `update_user`, `update_date`) VALUES ('950734d0-f59b-11e3-8775-001a4a81450b','163e5d8c-156e-11e3-a239-001a4a81450b',1,'1.61','2014-07-15 15:21:14',NULL,'Cppcheck 1.61',NULL,'/swamp/store/SCATools/cppcheck/cppcheck-1.61-1.tar','cf58d937ca38184fe89d3b53f68f71f0d0c97bddba40baaee2aab8682e122a6b9938844735eb55c8fe86a211603a7f4e468d5ecdebea6b46bf8f9d8bf47f4035','bin/cppcheck','','cppcheck-1.61','root@localhost','2014-07-15 15:21:14','root@localhost','2016-11-08 16:02:10');
INSERT INTO `tool_version` (`tool_version_uuid`, `tool_uuid`, `version_no`, `version_string`, `release_date`, `retire_date`, `comment_public`, `comment_private`, `tool_path`, `checksum`, `tool_executable`, `tool_arguments`, `tool_directory`, `create_user`, `create_date`, `update_user`, `update_date`) VALUES ('9c48c4ad-e098-11e5-ae56-001a4a81450b','163d56a7-156e-11e3-a239-001a4a81450b',4,'3.0.1','2016-04-12 15:06:18',NULL,'Findbugs 3.0.1 (with FindSecurityBugs-1.4.5 plugin)',NULL,'/swamp/store/SCATools/findbugs/findbugs-3.0.1.tar.gz','dafe7784c38038c8e38ca6e0ddb8882a99005da615cae0ee95734729484271b2dd4659142a612196941a080f39a73aac704c4047a9c14e01dbd0f13615ac9039','lib/findbugs.jar','','findbugs-3.0.1','root@localhost','2016-04-12 15:06:18',NULL,NULL);
INSERT INTO `tool_version` (`tool_version_uuid`, `tool_uuid`, `version_no`, `version_string`, `release_date`, `retire_date`, `comment_public`, `comment_private`, `tool_path`, `checksum`, `tool_executable`, `tool_arguments`, `tool_directory`, `create_user`, `create_date`, `update_user`, `update_date`) VALUES ('a2d949ef-cb53-11e3-8775-001a4a81450b','163f2b01-156e-11e3-a239-001a4a81450b',2,'5.1.0','2014-04-29 15:15:53',NULL,NULL,NULL,'/swamp/store/SCATools/pmd/pmd-5.1.0-4.tar.gz','97ef43dc4435c412cd7174745946e210b707b41064c33f14aba687b2bea7a477938aa6c1ac00e736fc2b8c6280ed6ef7b42dc3af3d1df9ead461803a6a0e74cb','bin/run.sh','','pmd-bin-5.1.0','root@localhost','2014-04-29 15:15:53','root@localhost','2016-04-12 15:06:18');
INSERT INTO `tool_version` (`tool_version_uuid`, `tool_uuid`, `version_no`, `version_string`, `release_date`, `retire_date`, `comment_public`, `comment_private`, `tool_path`, `checksum`, `tool_executable`, `tool_arguments`, `tool_directory`, `create_user`, `create_date`, `update_user`, `update_date`) VALUES ('b5115bdd-e095-11e5-ae56-001a4a81450b','992A48A5-62EC-4EE9-8429-45BB94275A41',3,'6.17','2016-04-12 15:06:17',NULL,'Checkstyle v6.17',NULL,'/swamp/store/SCATools/checkstyle/checkstyle-6.17.tar.gz','f522a04b57ecca06a7701d147768d092096735a9cab4f50d1b16a0c0a890b6b59af751ec99c06052b259119fad7fe28698e93c0ee4614ed751f89f09ddd64dc0','checkstyle-6.17-all.jar','','checkstyle-6.17','root@localhost','2016-04-12 15:06:17',NULL,NULL);
INSERT INTO `tool_version` (`tool_version_uuid`, `tool_uuid`, `version_no`, `version_string`, `release_date`, `retire_date`, `comment_public`, `comment_private`, `tool_path`, `checksum`, `tool_executable`, `tool_arguments`, `tool_directory`, `create_user`, `create_date`, `update_user`, `update_date`) VALUES ('b82a731e-7b79-11e6-88bc-001a4a81450b','163e5d8c-156e-11e3-a239-001a4a81450b',6,'1.74','2016-11-08 16:02:10',NULL,'Cppcheck 1.74',NULL,'/swamp/store/SCATools/cppcheck/cppcheck-1.74-1.tar','603297b8584612027152af74e8cfdadd6e20fc31f9135ca4ac4ad1e83b33e12c13172a75c38f2062edda370a92ec9e05d9b309be7d9295e1bacef9ca7d68da46','bin/cppcheck','','cppcheck-1.74','root@localhost','2016-11-08 16:02:10',NULL,NULL);
INSERT INTO `tool_version` (`tool_version_uuid`, `tool_uuid`, `version_no`, `version_string`, `release_date`, `retire_date`, `comment_public`, `comment_private`, `tool_path`, `checksum`, `tool_executable`, `tool_arguments`, `tool_directory`, `create_user`, `create_date`, `update_user`, `update_date`) VALUES ('b9045569-16cc-11e6-807f-001a4a81450b','163e5d8c-156e-11e3-a239-001a4a81450b',5,'1.73','2016-06-02 15:46:25',NULL,'Cppcheck 1.73',NULL,'/swamp/store/SCATools/cppcheck/cppcheck-1.73-1.tar','035438fc3c61203126b0655d4f3a878d0d82267a9e1a069dc16bc459ae468d2cca3be62f5d884f651c864ba052b47f0c05081d2d69b1feb4dfd2065393d3fe21','bin/cppcheck','','cppcheck-1.73','root@localhost','2016-06-02 15:46:25','root@localhost','2016-11-08 16:02:10');
INSERT INTO `tool_version` (`tool_version_uuid`, `tool_uuid`, `version_no`, `version_string`, `release_date`, `retire_date`, `comment_public`, `comment_private`, `tool_path`, `checksum`, `tool_executable`, `tool_arguments`, `tool_directory`, `create_user`, `create_date`, `update_user`, `update_date`) VALUES ('bcbfc7d7-1fbc-11e5-b6a7-001a4a81450b','8157e489-1fbc-11e5-b6a7-001a4a81450b',1,'2.2.1','2015-08-04 15:02:14',NULL,'Reek 2.2.1 for Ruby',NULL,'/swamp/store/SCATools/reek/reek-2.2.1-5.tar.gz','c737e87c6383dd6a6f1582d2d02ec4caaf088541c2c61a2d5773a0da2fbe221f4122483f2ffa80aef1d0ad5e71df8cfa628923db9c7dff64ad16094ce019fe4a','reek','','reek-2.2.1','root@localhost','2015-08-04 15:02:14','root@localhost','2016-04-12 15:06:18');
INSERT INTO `tool_version` (`tool_version_uuid`, `tool_uuid`, `version_no`, `version_string`, `release_date`, `retire_date`, `comment_public`, `comment_private`, `tool_path`, `checksum`, `tool_executable`, `tool_arguments`, `tool_directory`, `create_user`, `create_date`, `update_user`, `update_date`) VALUES ('bdaf4b93-a811-11e4-a335-001a4a81450b','163f2b01-156e-11e3-a239-001a4a81450b',3,'5.2.3','2015-02-17 16:00:53',NULL,'PMD 5.2.3',NULL,'/swamp/store/SCATools/pmd/pmd-5.2.3-4.tar.gz','2c0a50aaa65c473368cdd018f4cf5dd9d2f69a3c604a241e6f5932d4e2107373e21c418308cf8af06de20dacd0c1f02db4d1a0b3211585154cb0776d0fd60293','net.sourceforge.pmd.PMD','','pmd-bin-5.2.3','root@localhost','2015-02-17 16:00:53','root@localhost','2016-04-12 15:06:18');
INSERT INTO `tool_version` (`tool_version_uuid`, `tool_uuid`, `version_no`, `version_string`, `release_date`, `retire_date`, `comment_public`, `comment_private`, `tool_path`, `checksum`, `tool_executable`, `tool_arguments`, `tool_directory`, `create_user`, `create_date`, `update_user`, `update_date`) VALUES ('c9126789-71d7-11e5-865f-001a4a81450b','0f668fb0-4421-11e4-a4f3-001a4a81450b',2,'1.4.4','2015-11-19 16:09:10',NULL,'Pylint v1.4.4 for Python 2 & 3',NULL,NULL,NULL,NULL,NULL,NULL,'root@localhost','2015-11-19 16:09:10',NULL,NULL);
INSERT INTO `tool_version` (`tool_version_uuid`, `tool_uuid`, `version_no`, `version_string`, `release_date`, `retire_date`, `comment_public`, `comment_private`, `tool_path`, `checksum`, `tool_executable`, `tool_arguments`, `tool_directory`, `create_user`, `create_date`, `update_user`, `update_date`) VALUES ('ca1608e1-4057-11e5-83f1-001a4a81450b','b9560648-4057-11e5-83f1-001a4a81450b',1,'1.3.5','2015-10-01 15:06:29',NULL,'Dawn 1.3.5 for Ruby',NULL,'/swamp/store/SCATools/dawn/dawnscanner-1.3.5-3.tar','c54046542e08746bdcd251d7464461f989271aebecdc0d286ed4f5bcbfffb5cb96a8025f3403db6e3b83ceb0194d15970708b79aa603d136a028762455898a92','dawn','','dawnscanner-1.3.5','root@localhost','2015-10-01 15:06:29','pschell@pschell.mirsam.or','2016-06-08 15:17:57');
INSERT INTO `tool_version` (`tool_version_uuid`, `tool_uuid`, `version_no`, `version_string`, `release_date`, `retire_date`, `comment_public`, `comment_private`, `tool_path`, `checksum`, `tool_executable`, `tool_arguments`, `tool_directory`, `create_user`, `create_date`, `update_user`, `update_date`) VALUES ('dcbdab3c-4d8b-11e5-83f1-001a4a81450b','9289b560-8f8b-11e4-829b-001a4a81450b',1,'0.1.4','2015-10-01 15:06:29',NULL,'Android Lint 0.1.4',NULL,'/swamp/store/SCATools/lint/android-lint-0.1.4-2.tar.gz','2c0fe4bfb26dd0d024f4e3107ad9b00d7a9d0aad8d03a82838504228b0c68112d79f8e01d079a382028116c415e41dad840e6d40cff653a8708ea38f3606be74','','','android-lint-0.1.4','root@localhost','2015-10-01 15:06:29','root@localhost','2016-11-08 16:02:10');
INSERT INTO `tool_version` (`tool_version_uuid`, `tool_uuid`, `version_no`, `version_string`, `release_date`, `retire_date`, `comment_public`, `comment_private`, `tool_path`, `checksum`, `tool_executable`, `tool_arguments`, `tool_directory`, `create_user`, `create_date`, `update_user`, `update_date`) VALUES ('e3466345-9184-11e6-88bc-001a4a81450b','d032d8ec-9184-11e6-88bc-001a4a81450b',1,'1.4.3','2016-11-08 16:02:10',NULL,'OWASP Dependency Check 1.4.3',NULL,'/swamp/store/SCATools/dependency-check/dependency-check-1.4.3-3.tar.gz','c65d1e83adbc80f4e2d8c0c8e9340a3baa65983c99a8f0359c5c705bc632ad28d6383ee3dd5d8cbe5acce510904951fc531d9c0c922fb6e1ec55357a45c79b04',NULL,NULL,NULL,'root@localhost','2016-11-08 16:02:10',NULL,NULL);
INSERT INTO `tool_version` (`tool_version_uuid`, `tool_uuid`, `version_no`, `version_string`, `release_date`, `retire_date`, `comment_public`, `comment_private`, `tool_path`, `checksum`, `tool_executable`, `tool_arguments`, `tool_directory`, `create_user`, `create_date`, `update_user`, `update_date`) VALUES ('e9cea65f-833e-11e5-865f-001a4a81450b','163e5d8c-156e-11e3-a239-001a4a81450b',2,'1.70','2015-11-19 16:09:10',NULL,'Cppcheck 1.70',NULL,'/swamp/store/SCATools/cppcheck/cppcheck-1.70-1.tar','45671c14d409f186e431b74140eeb7421d405f233ccd09054663e8f97b002aef0fe7b22a3a51ee4897775a4d4e3286ff47f98e44f01326189eee0473198589de','bin/cppcheck','','cppcheck-1.70','root@localhost','2015-11-19 16:09:10','root@localhost','2016-11-08 16:02:10');
INSERT INTO `tool_version` (`tool_version_uuid`, `tool_uuid`, `version_no`, `version_string`, `release_date`, `retire_date`, `comment_public`, `comment_private`, `tool_path`, `checksum`, `tool_executable`, `tool_arguments`, `tool_directory`, `create_user`, `create_date`, `update_user`, `update_date`) VALUES ('ea1f9693-46ac-11e5-83f1-001a4a81450b','ebcab7f6-0935-11e5-b6a7-001a4a81450b',2,'0.33','2015-10-01 15:06:29',NULL,'RuboCop 0.33 for Ruby',NULL,'/swamp/store/SCATools/rubocop/rubocop-0.33.0-2.tar.gz','4ced934bbcfef8e08eef17fd4071337b073a7c00d370c3c4ed63aabeeeba2b843ee0cd0975e3b81850699c9b28575c5f5e49d20daff2356f0ed06ca4080395da','rubocop','','rubocop-0.33.0','root@localhost','2015-10-01 15:06:29','root@localhost','2016-04-12 15:06:18');
INSERT INTO `tool_version` (`tool_version_uuid`, `tool_uuid`, `version_no`, `version_string`, `release_date`, `retire_date`, `comment_public`, `comment_private`, `tool_path`, `checksum`, `tool_executable`, `tool_arguments`, `tool_directory`, `create_user`, `create_date`, `update_user`, `update_date`) VALUES ('ea38477e-16cc-11e6-807f-001a4a81450b','f212557c-3050-11e3-9a3e-001a4a81450b',3,'3.8','2016-06-02 15:46:25',NULL,'Clang Static Analyzer 3.8',NULL,'/swamp/store/SCATools/clang/clang-sa-3.8.0-1.tar','58c466f41a1c6b50e006103c3ff034a6722ae27dbf4196ba9bf3e1223924a12bbc5a37f2d311c75d1727682cd87ff741078d7f3b0912adcc801494c455e7d030','bin/scan-build/scan-build','','clang-sa-3.8.0','root@localhost','2016-06-02 15:46:25','root@localhost','2016-11-08 16:02:10');
INSERT INTO `tool_version` (`tool_version_uuid`, `tool_uuid`, `version_no`, `version_string`, `release_date`, `retire_date`, `comment_public`, `comment_private`, `tool_path`, `checksum`, `tool_executable`, `tool_arguments`, `tool_directory`, `create_user`, `create_date`, `update_user`, `update_date`) VALUES ('edef671e-7b79-11e6-88bc-001a4a81450b','163e5d8c-156e-11e3-a239-001a4a81450b',7,'1.75','2016-11-08 16:02:10',NULL,'Cppcheck 1.75',NULL,'/swamp/store/SCATools/cppcheck/cppcheck-1.75-1.tar','c2701b4950a90ebd635c5b181e0b37a176916f4bb2f4d4b68d341c0b7bc08b1da488a4a00603f3d0e25c06c1274ed116a1882af8657cefdfd8520b042574ab05','bin/cppcheck','','cppcheck-1.75','root@localhost','2016-11-08 16:02:10',NULL,NULL);
INSERT INTO `tool_version` (`tool_version_uuid`, `tool_uuid`, `version_no`, `version_string`, `release_date`, `retire_date`, `comment_public`, `comment_private`, `tool_path`, `checksum`, `tool_executable`, `tool_arguments`, `tool_directory`, `create_user`, `create_date`, `update_user`, `update_date`) VALUES ('f5c26a51-0935-11e5-b6a7-001a4a81450b','ebcab7f6-0935-11e5-b6a7-001a4a81450b',1,'0.31','2015-06-16 15:04:36',NULL,'RuboCop 0.31 for Ruby',NULL,'/swamp/store/SCATools/rubocop/rubocop-0.31.0-3.tar.gz','d4be964d430eee4dbbe63c8aa67d3ad55c520ed2bf1fd85d79a0dd53a0f35e1b3fdd29f2ff868addbc8ea6c9758e667098b4e4b811615080f8dab392b0ba837f','rubocop','','rubocop-0.31.0','root@localhost','2015-06-16 15:04:36','root@localhost','2016-04-12 15:06:18');
INSERT INTO `tool_version` (`tool_version_uuid`, `tool_uuid`, `version_no`, `version_string`, `release_date`, `retire_date`, `comment_public`, `comment_private`, `tool_path`, `checksum`, `tool_executable`, `tool_arguments`, `tool_directory`, `create_user`, `create_date`, `update_user`, `update_date`) VALUES ('fe360cd7-a7e3-11e4-a335-001a4a81450b','63695cd8-a73e-11e4-a335-001a4a81450b',1,'2.3.0','2015-02-17 16:00:53',NULL,'Flake8 v2.3.0 for Python 2 & 3',NULL,NULL,NULL,NULL,NULL,NULL,'root@localhost','2015-02-17 16:00:53',NULL,NULL);
UNLOCK TABLES;

LOCK TABLES `specialized_tool_version` WRITE;
INSERT INTO `specialized_tool_version` (`specialized_tool_version_uuid`, `tool_uuid`, `tool_version_uuid`, `specialization_type`, `platform_version_uuid`, `package_type_id`, `tool_path`, `checksum`, `tool_executable`, `tool_arguments`, `tool_directory`, `create_user`, `create_date`, `update_user`, `update_date`) VALUES ('134873d9-a7e4-11e4-a335-001a4a81450b','63695cd8-a73e-11e4-a335-001a4a81450b','fe360cd7-a7e3-11e4-a335-001a4a81450b','LANGUAGE',NULL,4,'/swamp/store/SCATools/flake/flake8-py2-2.3.0-2.tar.gz','dbc0833312f801640762cd927d795c28661840de11acdaf4b43de6b93f47bff3993dcafa0c75be8adc4efc2a9147cf5a5efa96cb68fb51248ed9f40e646d6b9b','flake8','--verbose --exit-zero --format=pylint','flake8-2.3.0','root@localhost','2015-02-17 16:00:53','root@localhost','2015-11-19 16:09:10');
INSERT INTO `specialized_tool_version` (`specialized_tool_version_uuid`, `tool_uuid`, `tool_version_uuid`, `specialization_type`, `platform_version_uuid`, `package_type_id`, `tool_path`, `checksum`, `tool_executable`, `tool_arguments`, `tool_directory`, `create_user`, `create_date`, `update_user`, `update_date`) VALUES ('1e58fe0c-a7e4-11e4-a335-001a4a81450b','63695cd8-a73e-11e4-a335-001a4a81450b','fe360cd7-a7e3-11e4-a335-001a4a81450b','LANGUAGE',NULL,5,'/swamp/store/SCATools/flake/flake8-py3-2.3.0-2.tar.gz','81cfb2e63558cb8c7e469333eea2214e0f1d9546055a2e51703c54b413dca94080243c7eadf90a13b8300729b3781bc6505c2f776dcb13830ade354aa316c273','flake8','--verbose --exit-zero --format=pylint','flake8-2.3.0','root@localhost','2015-02-17 16:00:53','root@localhost','2015-11-19 16:09:10');
INSERT INTO `specialized_tool_version` (`specialized_tool_version_uuid`, `tool_uuid`, `tool_version_uuid`, `specialization_type`, `platform_version_uuid`, `package_type_id`, `tool_path`, `checksum`, `tool_executable`, `tool_arguments`, `tool_directory`, `create_user`, `create_date`, `update_user`, `update_date`) VALUES ('364e8718-480a-11e4-a4f3-001a4a81450b','0f668fb0-4421-11e4-a4f3-001a4a81450b','142e9a79-4425-11e4-a4f3-001a4a81450b','LANGUAGE',NULL,4,'/swamp/store/SCATools/pylint/pylint-py2-1.3.1-2.tar.gz','d9168624d32f7988bd6c18e4d801888ce5e16298594dd3e7b01dec41f716bac05ec4014c58ea95e26f932284948a5c8e868ffbf4e824042ae49c4bd0c22a3e15','pylint','-f parseable --disable=C --disable=R','pylint-py2-1.3.1',NULL,'2014-10-16 15:00:59','root@localhost','2015-11-19 16:09:10');
INSERT INTO `specialized_tool_version` (`specialized_tool_version_uuid`, `tool_uuid`, `tool_version_uuid`, `specialization_type`, `platform_version_uuid`, `package_type_id`, `tool_path`, `checksum`, `tool_executable`, `tool_arguments`, `tool_directory`, `create_user`, `create_date`, `update_user`, `update_date`) VALUES ('5b7d6fde-71d5-11e5-865f-001a4a81450b','63695cd8-a73e-11e4-a335-001a4a81450b','1ad625bd-71d5-11e5-865f-001a4a81450b','LANGUAGE',NULL,4,'/swamp/store/SCATools/flake/flake8-py2-2.4.1.tar.gz','1887b97c5cd05ce4b280f3bbb569eea775732a0c89031e4173616fbdf44935e3aef0d604234ed4b89f90eb2ee69e2dcb5ca6d88d4836d061b55dd5f6e8b9986e','flake8','--verbose --exit-zero --format=pylint --output-file=${REPORTS_DIR}/report.txt','flake8-2.4.1','root@localhost','2015-11-19 16:09:10',NULL,NULL);
INSERT INTO `specialized_tool_version` (`specialized_tool_version_uuid`, `tool_uuid`, `tool_version_uuid`, `specialization_type`, `platform_version_uuid`, `package_type_id`, `tool_path`, `checksum`, `tool_executable`, `tool_arguments`, `tool_directory`, `create_user`, `create_date`, `update_user`, `update_date`) VALUES ('7774f01a-7449-11e5-865f-001a4a81450b','7fbfa454-8f9f-11e4-829b-001a4a81450b','2a16b653-7449-11e5-865f-001a4a81450b','LANGUAGE',NULL,4,'/swamp/store/SCATools/bandit/bandit-py2-0.14.0-4.tar.gz','643a3f99ec6453a47a24e55d3dd16b65e41268becbba71aac9a897dd088e6f7c5e5c380ef4a13df4e222471847f4dcef491f0c10b8ec4d31352be67322cf6806','bandit','--format json --output ${REPORTS_DIR}/report.json','bandit-py2-0.14.0','root@localhost','2015-11-19 16:09:10','root@localhost','2016-11-08 16:02:10');
INSERT INTO `specialized_tool_version` (`specialized_tool_version_uuid`, `tool_uuid`, `tool_version_uuid`, `specialization_type`, `platform_version_uuid`, `package_type_id`, `tool_path`, `checksum`, `tool_executable`, `tool_arguments`, `tool_directory`, `create_user`, `create_date`, `update_user`, `update_date`) VALUES ('813b30f3-71d5-11e5-865f-001a4a81450b','63695cd8-a73e-11e4-a335-001a4a81450b','1ad625bd-71d5-11e5-865f-001a4a81450b','LANGUAGE',NULL,5,'/swamp/store/SCATools/flake/flake8-py3-2.4.1.tar.gz','a5b81d53b01aef9549f2c0a55e81561fa8d20034c02ae1ca6bc84725a896c8a1d1fd498124eb4cb5c441b5459434b69b52c91329b79473c269140839bbafab2e','flake8','--verbose --exit-zero --format=pylint --output-file=${REPORTS_DIR}/report.txt','flake8-2.4.1','root@localhost','2015-11-19 16:09:10',NULL,NULL);
INSERT INTO `specialized_tool_version` (`specialized_tool_version_uuid`, `tool_uuid`, `tool_version_uuid`, `specialization_type`, `platform_version_uuid`, `package_type_id`, `tool_path`, `checksum`, `tool_executable`, `tool_arguments`, `tool_directory`, `create_user`, `create_date`, `update_user`, `update_date`) VALUES ('88be0c6b-7449-11e5-865f-001a4a81450b','7fbfa454-8f9f-11e4-829b-001a4a81450b','2a16b653-7449-11e5-865f-001a4a81450b','LANGUAGE',NULL,5,'/swamp/store/SCATools/bandit/bandit-py3-0.14.0-4.tar.gz','38a9e3eb1a0a8a3586808f83b266216c35ef97a9f8015c5640a0ff6c6c50507b7d5e4cefddb34d8f8bbc1a7d8a320459b9a60da81a9c7df951e7e35fd32b8b54','bandit','--format json --output ${REPORTS_DIR}/report.json','bandit-py3-0.14.0','root@localhost','2015-11-19 16:09:10','root@localhost','2016-11-08 16:02:10');
INSERT INTO `specialized_tool_version` (`specialized_tool_version_uuid`, `tool_uuid`, `tool_version_uuid`, `specialization_type`, `platform_version_uuid`, `package_type_id`, `tool_path`, `checksum`, `tool_executable`, `tool_arguments`, `tool_directory`, `create_user`, `create_date`, `update_user`, `update_date`) VALUES ('dab2f27b-71d7-11e5-865f-001a4a81450b','0f668fb0-4421-11e4-a4f3-001a4a81450b','c9126789-71d7-11e5-865f-001a4a81450b','LANGUAGE',NULL,4,'/swamp/store/SCATools/pylint/pylint-py2-1.4.4.tar.gz','c4528e3c77cd255ae702821758560ea3f16344d745648e4bcb6cc10d9d3c3f41950bf88d5d5ed3b524b600609303a3633b28f0933ccd9b517026652bcc510f45','pylint','-f parseable --disable=C --disable=R','pylint-py2-1.4.4','root@localhost','2015-11-19 16:09:10',NULL,NULL);
INSERT INTO `specialized_tool_version` (`specialized_tool_version_uuid`, `tool_uuid`, `tool_version_uuid`, `specialization_type`, `platform_version_uuid`, `package_type_id`, `tool_path`, `checksum`, `tool_executable`, `tool_arguments`, `tool_directory`, `create_user`, `create_date`, `update_user`, `update_date`) VALUES ('e4fb2c6f-71d7-11e5-865f-001a4a81450b','0f668fb0-4421-11e4-a4f3-001a4a81450b','c9126789-71d7-11e5-865f-001a4a81450b','LANGUAGE',NULL,5,'/swamp/store/SCATools/pylint/pylint-py3-1.4.4.tar.gz','e26116f78b93cbfb16cab02a2779808b51d91587abb98cd56677eda6fc01d405e62c976cb00b43d3b3dd350b465fc8d4c8a247e3b977d7fe857190a841075929','pylint','-f parseable --disable=C --disable=R','pylint-py3-1.4.4','root@localhost','2015-11-19 16:09:10',NULL,NULL);
INSERT INTO `specialized_tool_version` (`specialized_tool_version_uuid`, `tool_uuid`, `tool_version_uuid`, `specialization_type`, `platform_version_uuid`, `package_type_id`, `tool_path`, `checksum`, `tool_executable`, `tool_arguments`, `tool_directory`, `create_user`, `create_date`, `update_user`, `update_date`) VALUES ('eccdd194-480a-11e4-a4f3-001a4a81450b','0f668fb0-4421-11e4-a4f3-001a4a81450b','142e9a79-4425-11e4-a4f3-001a4a81450b','LANGUAGE',NULL,5,'/swamp/store/SCATools/pylint/pylint-py3-1.3.1-2.tar.gz','052cd5949c76f2823046a9e9ec6669d958d1b273159ffa88968d6c37a6389eefb08afae76d44db509fa72f1d85328fd72d39aa9e17180e6e6cb62e9844fba930','pylint','-f parseable --disable=C --disable=R','pylint-py3-1.3.1',NULL,'2014-10-16 15:00:59','root@localhost','2015-11-19 16:09:10');
UNLOCK TABLES;

LOCK TABLES `tool_language` WRITE;
INSERT INTO `tool_language` (`tool_language_id`, `tool_uuid`, `tool_version_uuid`, `package_type_id`, `create_user`, `create_date`, `update_user`, `update_date`) VALUES (19,'163d56a7-156e-11e3-a239-001a4a81450b','163fe1e7-156e-11e3-a239-001a4a81450b',2,'root@localhost','2014-04-29 15:15:53',NULL,NULL);
INSERT INTO `tool_language` (`tool_language_id`, `tool_uuid`, `tool_version_uuid`, `package_type_id`, `create_user`, `create_date`, `update_user`, `update_date`) VALUES (20,'163d56a7-156e-11e3-a239-001a4a81450b','4c1ec754-cb53-11e3-8775-001a4a81450b',2,'root@localhost','2014-04-29 15:15:53',NULL,NULL);
INSERT INTO `tool_language` (`tool_language_id`, `tool_uuid`, `tool_version_uuid`, `package_type_id`, `create_user`, `create_date`, `update_user`, `update_date`) VALUES (21,'163d56a7-156e-11e3-a239-001a4a81450b','163fe1e7-156e-11e3-a239-001a4a81450b',3,'root@localhost','2014-04-29 15:15:53',NULL,NULL);
INSERT INTO `tool_language` (`tool_language_id`, `tool_uuid`, `tool_version_uuid`, `package_type_id`, `create_user`, `create_date`, `update_user`, `update_date`) VALUES (22,'163d56a7-156e-11e3-a239-001a4a81450b','4c1ec754-cb53-11e3-8775-001a4a81450b',3,'root@localhost','2014-04-29 15:15:53',NULL,NULL);
INSERT INTO `tool_language` (`tool_language_id`, `tool_uuid`, `tool_version_uuid`, `package_type_id`, `create_user`, `create_date`, `update_user`, `update_date`) VALUES (23,'7A08B82D-3A3B-45CA-8644-105088741AF6','325CA868-0D19-4B00-B034-3786887541AA',1,'root@localhost','2014-04-29 15:15:53',NULL,NULL);
INSERT INTO `tool_language` (`tool_language_id`, `tool_uuid`, `tool_version_uuid`, `package_type_id`, `create_user`, `create_date`, `update_user`, `update_date`) VALUES (24,'163f2b01-156e-11e3-a239-001a4a81450b','16414980-156e-11e3-a239-001a4a81450b',2,'root@localhost','2014-04-29 15:15:53',NULL,NULL);
INSERT INTO `tool_language` (`tool_language_id`, `tool_uuid`, `tool_version_uuid`, `package_type_id`, `create_user`, `create_date`, `update_user`, `update_date`) VALUES (25,'163f2b01-156e-11e3-a239-001a4a81450b','a2d949ef-cb53-11e3-8775-001a4a81450b',2,'root@localhost','2014-04-29 15:15:53',NULL,NULL);
INSERT INTO `tool_language` (`tool_language_id`, `tool_uuid`, `tool_version_uuid`, `package_type_id`, `create_user`, `create_date`, `update_user`, `update_date`) VALUES (26,'992A48A5-62EC-4EE9-8429-45BB94275A41','09449DE5-8E63-44EA-8396-23C64525D57C',2,'root@localhost','2014-06-10 15:03:55',NULL,NULL);
INSERT INTO `tool_language` (`tool_language_id`, `tool_uuid`, `tool_version_uuid`, `package_type_id`, `create_user`, `create_date`, `update_user`, `update_date`) VALUES (27,'56872C2E-1D78-4DB0-B976-83ACF5424C52','5230FE76-E658-4B3A-AD40-7D55F7A21955',2,'root@localhost','2014-06-10 15:03:55',NULL,NULL);
INSERT INTO `tool_language` (`tool_language_id`, `tool_uuid`, `tool_version_uuid`, `package_type_id`, `create_user`, `create_date`, `update_user`, `update_date`) VALUES (28,'f212557c-3050-11e3-9a3e-001a4a81450b','8ec206ff-f59b-11e3-8775-001a4a81450b',1,'root@localhost','2014-07-15 15:21:14',NULL,NULL);
INSERT INTO `tool_language` (`tool_language_id`, `tool_uuid`, `tool_version_uuid`, `package_type_id`, `create_user`, `create_date`, `update_user`, `update_date`) VALUES (29,'163e5d8c-156e-11e3-a239-001a4a81450b','950734d0-f59b-11e3-8775-001a4a81450b',1,'root@localhost','2014-07-15 15:21:14',NULL,NULL);
INSERT INTO `tool_language` (`tool_language_id`, `tool_uuid`, `tool_version_uuid`, `package_type_id`, `create_user`, `create_date`, `update_user`, `update_date`) VALUES (30,'0f668fb0-4421-11e4-a4f3-001a4a81450b','142e9a79-4425-11e4-a4f3-001a4a81450b',4,'root@localhost','2014-10-16 15:00:59',NULL,NULL);
INSERT INTO `tool_language` (`tool_language_id`, `tool_uuid`, `tool_version_uuid`, `package_type_id`, `create_user`, `create_date`, `update_user`, `update_date`) VALUES (31,'0f668fb0-4421-11e4-a4f3-001a4a81450b','142e9a79-4425-11e4-a4f3-001a4a81450b',5,'root@localhost','2014-10-16 15:00:59',NULL,NULL);
INSERT INTO `tool_language` (`tool_language_id`, `tool_uuid`, `tool_version_uuid`, `package_type_id`, `create_user`, `create_date`, `update_user`, `update_date`) VALUES (36,'163d56a7-156e-11e3-a239-001a4a81450b','163fe1e7-156e-11e3-a239-001a4a81450b',6,'pschell@pschell.mirsam.org','2015-01-20 17:54:34',NULL,NULL);
INSERT INTO `tool_language` (`tool_language_id`, `tool_uuid`, `tool_version_uuid`, `package_type_id`, `create_user`, `create_date`, `update_user`, `update_date`) VALUES (37,'163d56a7-156e-11e3-a239-001a4a81450b','4c1ec754-cb53-11e3-8775-001a4a81450b',6,'pschell@pschell.mirsam.org','2015-01-20 17:54:34',NULL,NULL);
INSERT INTO `tool_language` (`tool_language_id`, `tool_uuid`, `tool_version_uuid`, `package_type_id`, `create_user`, `create_date`, `update_user`, `update_date`) VALUES (38,'163f2b01-156e-11e3-a239-001a4a81450b','16414980-156e-11e3-a239-001a4a81450b',6,'pschell@pschell.mirsam.org','2015-01-20 17:54:34',NULL,NULL);
INSERT INTO `tool_language` (`tool_language_id`, `tool_uuid`, `tool_version_uuid`, `package_type_id`, `create_user`, `create_date`, `update_user`, `update_date`) VALUES (39,'163f2b01-156e-11e3-a239-001a4a81450b','a2d949ef-cb53-11e3-8775-001a4a81450b',6,'pschell@pschell.mirsam.org','2015-01-20 17:54:34',NULL,NULL);
INSERT INTO `tool_language` (`tool_language_id`, `tool_uuid`, `tool_version_uuid`, `package_type_id`, `create_user`, `create_date`, `update_user`, `update_date`) VALUES (40,'992A48A5-62EC-4EE9-8429-45BB94275A41','09449DE5-8E63-44EA-8396-23C64525D57C',6,'pschell@pschell.mirsam.org','2015-01-20 17:54:34',NULL,NULL);
INSERT INTO `tool_language` (`tool_language_id`, `tool_uuid`, `tool_version_uuid`, `package_type_id`, `create_user`, `create_date`, `update_user`, `update_date`) VALUES (41,'56872C2E-1D78-4DB0-B976-83ACF5424C52','5230FE76-E658-4B3A-AD40-7D55F7A21955',6,'pschell@pschell.mirsam.org','2015-01-20 17:54:34',NULL,NULL);
INSERT INTO `tool_language` (`tool_language_id`, `tool_uuid`, `tool_version_uuid`, `package_type_id`, `create_user`, `create_date`, `update_user`, `update_date`) VALUES (43,'63695cd8-a73e-11e4-a335-001a4a81450b','fe360cd7-a7e3-11e4-a335-001a4a81450b',4,'root@localhost','2015-02-17 16:00:53',NULL,NULL);
INSERT INTO `tool_language` (`tool_language_id`, `tool_uuid`, `tool_version_uuid`, `package_type_id`, `create_user`, `create_date`, `update_user`, `update_date`) VALUES (44,'63695cd8-a73e-11e4-a335-001a4a81450b','fe360cd7-a7e3-11e4-a335-001a4a81450b',5,'root@localhost','2015-02-17 16:00:53',NULL,NULL);
INSERT INTO `tool_language` (`tool_language_id`, `tool_uuid`, `tool_version_uuid`, `package_type_id`, `create_user`, `create_date`, `update_user`, `update_date`) VALUES (45,'992A48A5-62EC-4EE9-8429-45BB94275A41','0667d30a-a7f0-11e4-a335-001a4a81450b',2,'root@localhost','2015-02-17 16:00:53',NULL,NULL);
INSERT INTO `tool_language` (`tool_language_id`, `tool_uuid`, `tool_version_uuid`, `package_type_id`, `create_user`, `create_date`, `update_user`, `update_date`) VALUES (46,'992A48A5-62EC-4EE9-8429-45BB94275A41','0667d30a-a7f0-11e4-a335-001a4a81450b',6,'root@localhost','2015-02-17 16:00:53',NULL,NULL);
INSERT INTO `tool_language` (`tool_language_id`, `tool_uuid`, `tool_version_uuid`, `package_type_id`, `create_user`, `create_date`, `update_user`, `update_date`) VALUES (47,'163d56a7-156e-11e3-a239-001a4a81450b','27ea7f63-a813-11e4-a335-001a4a81450b',2,'root@localhost','2015-02-17 16:00:53',NULL,NULL);
INSERT INTO `tool_language` (`tool_language_id`, `tool_uuid`, `tool_version_uuid`, `package_type_id`, `create_user`, `create_date`, `update_user`, `update_date`) VALUES (48,'163d56a7-156e-11e3-a239-001a4a81450b','27ea7f63-a813-11e4-a335-001a4a81450b',3,'root@localhost','2015-02-17 16:00:53',NULL,NULL);
INSERT INTO `tool_language` (`tool_language_id`, `tool_uuid`, `tool_version_uuid`, `package_type_id`, `create_user`, `create_date`, `update_user`, `update_date`) VALUES (49,'163d56a7-156e-11e3-a239-001a4a81450b','27ea7f63-a813-11e4-a335-001a4a81450b',6,'root@localhost','2015-02-17 16:00:53',NULL,NULL);
INSERT INTO `tool_language` (`tool_language_id`, `tool_uuid`, `tool_version_uuid`, `package_type_id`, `create_user`, `create_date`, `update_user`, `update_date`) VALUES (50,'163f2b01-156e-11e3-a239-001a4a81450b','bdaf4b93-a811-11e4-a335-001a4a81450b',2,'root@localhost','2015-02-17 16:00:53',NULL,NULL);
INSERT INTO `tool_language` (`tool_language_id`, `tool_uuid`, `tool_version_uuid`, `package_type_id`, `create_user`, `create_date`, `update_user`, `update_date`) VALUES (51,'163f2b01-156e-11e3-a239-001a4a81450b','bdaf4b93-a811-11e4-a335-001a4a81450b',6,'root@localhost','2015-02-17 16:00:53',NULL,NULL);
INSERT INTO `tool_language` (`tool_language_id`, `tool_uuid`, `tool_version_uuid`, `package_type_id`, `create_user`, `create_date`, `update_user`, `update_date`) VALUES (52,'ebcab7f6-0935-11e5-b6a7-001a4a81450b','f5c26a51-0935-11e5-b6a7-001a4a81450b',7,'root@localhost','2015-06-16 15:04:36',NULL,NULL);
INSERT INTO `tool_language` (`tool_language_id`, `tool_uuid`, `tool_version_uuid`, `package_type_id`, `create_user`, `create_date`, `update_user`, `update_date`) VALUES (53,'59612f24-0946-11e5-b6a7-001a4a81450b','6b5624a0-0946-11e5-b6a7-001a4a81450b',7,'root@localhost','2015-06-16 15:04:36',NULL,NULL);
INSERT INTO `tool_language` (`tool_language_id`, `tool_uuid`, `tool_version_uuid`, `package_type_id`, `create_user`, `create_date`, `update_user`, `update_date`) VALUES (54,'8157e489-1fbc-11e5-b6a7-001a4a81450b','bcbfc7d7-1fbc-11e5-b6a7-001a4a81450b',7,'root@localhost','2015-08-04 15:02:14',NULL,NULL);
INSERT INTO `tool_language` (`tool_language_id`, `tool_uuid`, `tool_version_uuid`, `package_type_id`, `create_user`, `create_date`, `update_user`, `update_date`) VALUES (55,'9289b560-8f8b-11e4-829b-001a4a81450b','dcbdab3c-4d8b-11e5-83f1-001a4a81450b',6,'root@localhost','2015-10-01 15:06:29',NULL,NULL);
INSERT INTO `tool_language` (`tool_language_id`, `tool_uuid`, `tool_version_uuid`, `package_type_id`, `create_user`, `create_date`, `update_user`, `update_date`) VALUES (56,'5cd726a5-4053-11e5-83f1-001a4a81450b','6b06aaa6-4053-11e5-83f1-001a4a81450b',9,'root@localhost','2015-10-01 15:06:29',NULL,NULL);
INSERT INTO `tool_language` (`tool_language_id`, `tool_uuid`, `tool_version_uuid`, `package_type_id`, `create_user`, `create_date`, `update_user`, `update_date`) VALUES (57,'b9560648-4057-11e5-83f1-001a4a81450b','ca1608e1-4057-11e5-83f1-001a4a81450b',8,'root@localhost','2015-10-01 15:06:29',NULL,NULL);
INSERT INTO `tool_language` (`tool_language_id`, `tool_uuid`, `tool_version_uuid`, `package_type_id`, `create_user`, `create_date`, `update_user`, `update_date`) VALUES (58,'b9560648-4057-11e5-83f1-001a4a81450b','ca1608e1-4057-11e5-83f1-001a4a81450b',9,'root@localhost','2015-10-01 15:06:29',NULL,NULL);
INSERT INTO `tool_language` (`tool_language_id`, `tool_uuid`, `tool_version_uuid`, `package_type_id`, `create_user`, `create_date`, `update_user`, `update_date`) VALUES (59,'b9560648-4057-11e5-83f1-001a4a81450b','ca1608e1-4057-11e5-83f1-001a4a81450b',10,'root@localhost','2015-10-01 15:06:29',NULL,NULL);
INSERT INTO `tool_language` (`tool_language_id`, `tool_uuid`, `tool_version_uuid`, `package_type_id`, `create_user`, `create_date`, `update_user`, `update_date`) VALUES (60,'8157e489-1fbc-11e5-b6a7-001a4a81450b','bcbfc7d7-1fbc-11e5-b6a7-001a4a81450b',8,'root@localhost','2015-10-01 15:06:29',NULL,NULL);
INSERT INTO `tool_language` (`tool_language_id`, `tool_uuid`, `tool_version_uuid`, `package_type_id`, `create_user`, `create_date`, `update_user`, `update_date`) VALUES (61,'8157e489-1fbc-11e5-b6a7-001a4a81450b','bcbfc7d7-1fbc-11e5-b6a7-001a4a81450b',9,'root@localhost','2015-10-01 15:06:29',NULL,NULL);
INSERT INTO `tool_language` (`tool_language_id`, `tool_uuid`, `tool_version_uuid`, `package_type_id`, `create_user`, `create_date`, `update_user`, `update_date`) VALUES (62,'8157e489-1fbc-11e5-b6a7-001a4a81450b','bcbfc7d7-1fbc-11e5-b6a7-001a4a81450b',10,'root@localhost','2015-10-01 15:06:29',NULL,NULL);
INSERT INTO `tool_language` (`tool_language_id`, `tool_uuid`, `tool_version_uuid`, `package_type_id`, `create_user`, `create_date`, `update_user`, `update_date`) VALUES (63,'8157e489-1fbc-11e5-b6a7-001a4a81450b','7059b296-4c14-11e5-83f1-001a4a81450b',7,'root@localhost','2015-10-01 15:06:29',NULL,NULL);
INSERT INTO `tool_language` (`tool_language_id`, `tool_uuid`, `tool_version_uuid`, `package_type_id`, `create_user`, `create_date`, `update_user`, `update_date`) VALUES (64,'8157e489-1fbc-11e5-b6a7-001a4a81450b','7059b296-4c14-11e5-83f1-001a4a81450b',8,'root@localhost','2015-10-01 15:06:29',NULL,NULL);
INSERT INTO `tool_language` (`tool_language_id`, `tool_uuid`, `tool_version_uuid`, `package_type_id`, `create_user`, `create_date`, `update_user`, `update_date`) VALUES (65,'8157e489-1fbc-11e5-b6a7-001a4a81450b','7059b296-4c14-11e5-83f1-001a4a81450b',9,'root@localhost','2015-10-01 15:06:29',NULL,NULL);
INSERT INTO `tool_language` (`tool_language_id`, `tool_uuid`, `tool_version_uuid`, `package_type_id`, `create_user`, `create_date`, `update_user`, `update_date`) VALUES (66,'8157e489-1fbc-11e5-b6a7-001a4a81450b','7059b296-4c14-11e5-83f1-001a4a81450b',10,'root@localhost','2015-10-01 15:06:29',NULL,NULL);
INSERT INTO `tool_language` (`tool_language_id`, `tool_uuid`, `tool_version_uuid`, `package_type_id`, `create_user`, `create_date`, `update_user`, `update_date`) VALUES (67,'ebcab7f6-0935-11e5-b6a7-001a4a81450b','f5c26a51-0935-11e5-b6a7-001a4a81450b',8,'root@localhost','2015-10-01 15:06:29',NULL,NULL);
INSERT INTO `tool_language` (`tool_language_id`, `tool_uuid`, `tool_version_uuid`, `package_type_id`, `create_user`, `create_date`, `update_user`, `update_date`) VALUES (68,'ebcab7f6-0935-11e5-b6a7-001a4a81450b','f5c26a51-0935-11e5-b6a7-001a4a81450b',9,'root@localhost','2015-10-01 15:06:29',NULL,NULL);
INSERT INTO `tool_language` (`tool_language_id`, `tool_uuid`, `tool_version_uuid`, `package_type_id`, `create_user`, `create_date`, `update_user`, `update_date`) VALUES (69,'ebcab7f6-0935-11e5-b6a7-001a4a81450b','f5c26a51-0935-11e5-b6a7-001a4a81450b',10,'root@localhost','2015-10-01 15:06:29',NULL,NULL);
INSERT INTO `tool_language` (`tool_language_id`, `tool_uuid`, `tool_version_uuid`, `package_type_id`, `create_user`, `create_date`, `update_user`, `update_date`) VALUES (70,'ebcab7f6-0935-11e5-b6a7-001a4a81450b','ea1f9693-46ac-11e5-83f1-001a4a81450b',7,'root@localhost','2015-10-01 15:06:29',NULL,NULL);
INSERT INTO `tool_language` (`tool_language_id`, `tool_uuid`, `tool_version_uuid`, `package_type_id`, `create_user`, `create_date`, `update_user`, `update_date`) VALUES (71,'ebcab7f6-0935-11e5-b6a7-001a4a81450b','ea1f9693-46ac-11e5-83f1-001a4a81450b',8,'root@localhost','2015-10-01 15:06:29',NULL,NULL);
INSERT INTO `tool_language` (`tool_language_id`, `tool_uuid`, `tool_version_uuid`, `package_type_id`, `create_user`, `create_date`, `update_user`, `update_date`) VALUES (72,'ebcab7f6-0935-11e5-b6a7-001a4a81450b','ea1f9693-46ac-11e5-83f1-001a4a81450b',9,'root@localhost','2015-10-01 15:06:29',NULL,NULL);
INSERT INTO `tool_language` (`tool_language_id`, `tool_uuid`, `tool_version_uuid`, `package_type_id`, `create_user`, `create_date`, `update_user`, `update_date`) VALUES (73,'ebcab7f6-0935-11e5-b6a7-001a4a81450b','ea1f9693-46ac-11e5-83f1-001a4a81450b',10,'root@localhost','2015-10-01 15:06:29',NULL,NULL);
INSERT INTO `tool_language` (`tool_language_id`, `tool_uuid`, `tool_version_uuid`, `package_type_id`, `create_user`, `create_date`, `update_user`, `update_date`) VALUES (75,'59612f24-0946-11e5-b6a7-001a4a81450b','6b5624a0-0946-11e5-b6a7-001a4a81450b',8,'root@localhost','2015-10-01 15:06:29',NULL,NULL);
INSERT INTO `tool_language` (`tool_language_id`, `tool_uuid`, `tool_version_uuid`, `package_type_id`, `create_user`, `create_date`, `update_user`, `update_date`) VALUES (76,'59612f24-0946-11e5-b6a7-001a4a81450b','6b5624a0-0946-11e5-b6a7-001a4a81450b',9,'root@localhost','2015-10-01 15:06:29',NULL,NULL);
INSERT INTO `tool_language` (`tool_language_id`, `tool_uuid`, `tool_version_uuid`, `package_type_id`, `create_user`, `create_date`, `update_user`, `update_date`) VALUES (77,'59612f24-0946-11e5-b6a7-001a4a81450b','6b5624a0-0946-11e5-b6a7-001a4a81450b',10,'root@localhost','2015-10-01 15:06:29',NULL,NULL);
INSERT INTO `tool_language` (`tool_language_id`, `tool_uuid`, `tool_version_uuid`, `package_type_id`, `create_user`, `create_date`, `update_user`, `update_date`) VALUES (78,'7fbfa454-8f9f-11e4-829b-001a4a81450b','2a16b653-7449-11e5-865f-001a4a81450b',4,'root@localhost','2015-11-19 16:09:10',NULL,NULL);
INSERT INTO `tool_language` (`tool_language_id`, `tool_uuid`, `tool_version_uuid`, `package_type_id`, `create_user`, `create_date`, `update_user`, `update_date`) VALUES (79,'7fbfa454-8f9f-11e4-829b-001a4a81450b','2a16b653-7449-11e5-865f-001a4a81450b',5,'root@localhost','2015-11-19 16:09:10',NULL,NULL);
INSERT INTO `tool_language` (`tool_language_id`, `tool_uuid`, `tool_version_uuid`, `package_type_id`, `create_user`, `create_date`, `update_user`, `update_date`) VALUES (80,'63695cd8-a73e-11e4-a335-001a4a81450b','1ad625bd-71d5-11e5-865f-001a4a81450b',4,'root@localhost','2015-11-19 16:09:10',NULL,NULL);
INSERT INTO `tool_language` (`tool_language_id`, `tool_uuid`, `tool_version_uuid`, `package_type_id`, `create_user`, `create_date`, `update_user`, `update_date`) VALUES (81,'63695cd8-a73e-11e4-a335-001a4a81450b','1ad625bd-71d5-11e5-865f-001a4a81450b',5,'root@localhost','2015-11-19 16:09:10',NULL,NULL);
INSERT INTO `tool_language` (`tool_language_id`, `tool_uuid`, `tool_version_uuid`, `package_type_id`, `create_user`, `create_date`, `update_user`, `update_date`) VALUES (82,'0f668fb0-4421-11e4-a4f3-001a4a81450b','c9126789-71d7-11e5-865f-001a4a81450b',4,'root@localhost','2015-11-19 16:09:10',NULL,NULL);
INSERT INTO `tool_language` (`tool_language_id`, `tool_uuid`, `tool_version_uuid`, `package_type_id`, `create_user`, `create_date`, `update_user`, `update_date`) VALUES (83,'0f668fb0-4421-11e4-a4f3-001a4a81450b','c9126789-71d7-11e5-865f-001a4a81450b',5,'root@localhost','2015-11-19 16:09:10',NULL,NULL);
INSERT INTO `tool_language` (`tool_language_id`, `tool_uuid`, `tool_version_uuid`, `package_type_id`, `create_user`, `create_date`, `update_user`, `update_date`) VALUES (84,'f212557c-3050-11e3-9a3e-001a4a81450b','90554576-81a0-11e5-865f-001a4a81450b',1,'root@localhost','2015-11-19 16:09:10',NULL,NULL);
INSERT INTO `tool_language` (`tool_language_id`, `tool_uuid`, `tool_version_uuid`, `package_type_id`, `create_user`, `create_date`, `update_user`, `update_date`) VALUES (85,'163e5d8c-156e-11e3-a239-001a4a81450b','e9cea65f-833e-11e5-865f-001a4a81450b',1,'root@localhost','2015-11-19 16:09:10',NULL,NULL);
INSERT INTO `tool_language` (`tool_language_id`, `tool_uuid`, `tool_version_uuid`, `package_type_id`, `create_user`, `create_date`, `update_user`, `update_date`) VALUES (86,'738b81f0-a828-11e5-865f-001a4a81450b','8666e176-a828-11e5-865f-001a4a81450b',11,'root@localhost','2016-01-12 16:18:06',NULL,NULL);
INSERT INTO `tool_language` (`tool_language_id`, `tool_uuid`, `tool_version_uuid`, `package_type_id`, `create_user`, `create_date`, `update_user`, `update_date`) VALUES (87,'163e5d8c-156e-11e3-a239-001a4a81450b','7b504c42-bf06-11e5-832a-001a4a81450b',1,'root@localhost','2016-03-15 15:05:38',NULL,NULL);
INSERT INTO `tool_language` (`tool_language_id`, `tool_uuid`, `tool_version_uuid`, `package_type_id`, `create_user`, `create_date`, `update_user`, `update_date`) VALUES (88,'163e5d8c-156e-11e3-a239-001a4a81450b','1c9a1589-bf05-11e5-832a-001a4a81450b',1,'root@localhost','2016-03-15 15:05:39',NULL,NULL);
INSERT INTO `tool_language` (`tool_language_id`, `tool_uuid`, `tool_version_uuid`, `package_type_id`, `create_user`, `create_date`, `update_user`, `update_date`) VALUES (90,'992A48A5-62EC-4EE9-8429-45BB94275A41','b5115bdd-e095-11e5-ae56-001a4a81450b',2,'root@localhost','2016-04-12 15:06:17',NULL,NULL);
INSERT INTO `tool_language` (`tool_language_id`, `tool_uuid`, `tool_version_uuid`, `package_type_id`, `create_user`, `create_date`, `update_user`, `update_date`) VALUES (91,'992A48A5-62EC-4EE9-8429-45BB94275A41','b5115bdd-e095-11e5-ae56-001a4a81450b',6,'root@localhost','2016-04-12 15:06:18',NULL,NULL);
INSERT INTO `tool_language` (`tool_language_id`, `tool_uuid`, `tool_version_uuid`, `package_type_id`, `create_user`, `create_date`, `update_user`, `update_date`) VALUES (92,'992A48A5-62EC-4EE9-8429-45BB94275A41','b5115bdd-e095-11e5-ae56-001a4a81450b',12,'root@localhost','2016-04-12 15:06:18',NULL,NULL);
INSERT INTO `tool_language` (`tool_language_id`, `tool_uuid`, `tool_version_uuid`, `package_type_id`, `create_user`, `create_date`, `update_user`, `update_date`) VALUES (93,'56872C2E-1D78-4DB0-B976-83ACF5424C52','4fcb04a8-e096-11e5-ae56-001a4a81450b',2,'root@localhost','2016-04-12 15:06:18',NULL,NULL);
INSERT INTO `tool_language` (`tool_language_id`, `tool_uuid`, `tool_version_uuid`, `package_type_id`, `create_user`, `create_date`, `update_user`, `update_date`) VALUES (94,'56872C2E-1D78-4DB0-B976-83ACF5424C52','4fcb04a8-e096-11e5-ae56-001a4a81450b',6,'root@localhost','2016-04-12 15:06:18',NULL,NULL);
INSERT INTO `tool_language` (`tool_language_id`, `tool_uuid`, `tool_version_uuid`, `package_type_id`, `create_user`, `create_date`, `update_user`, `update_date`) VALUES (95,'56872C2E-1D78-4DB0-B976-83ACF5424C52','4fcb04a8-e096-11e5-ae56-001a4a81450b',12,'root@localhost','2016-04-12 15:06:18',NULL,NULL);
INSERT INTO `tool_language` (`tool_language_id`, `tool_uuid`, `tool_version_uuid`, `package_type_id`, `create_user`, `create_date`, `update_user`, `update_date`) VALUES (96,'163d56a7-156e-11e3-a239-001a4a81450b','9c48c4ad-e098-11e5-ae56-001a4a81450b',2,'root@localhost','2016-04-12 15:06:18',NULL,NULL);
INSERT INTO `tool_language` (`tool_language_id`, `tool_uuid`, `tool_version_uuid`, `package_type_id`, `create_user`, `create_date`, `update_user`, `update_date`) VALUES (97,'163d56a7-156e-11e3-a239-001a4a81450b','9c48c4ad-e098-11e5-ae56-001a4a81450b',3,'root@localhost','2016-04-12 15:06:18',NULL,NULL);
INSERT INTO `tool_language` (`tool_language_id`, `tool_uuid`, `tool_version_uuid`, `package_type_id`, `create_user`, `create_date`, `update_user`, `update_date`) VALUES (98,'163d56a7-156e-11e3-a239-001a4a81450b','9c48c4ad-e098-11e5-ae56-001a4a81450b',6,'root@localhost','2016-04-12 15:06:18',NULL,NULL);
INSERT INTO `tool_language` (`tool_language_id`, `tool_uuid`, `tool_version_uuid`, `package_type_id`, `create_user`, `create_date`, `update_user`, `update_date`) VALUES (99,'163f2b01-156e-11e3-a239-001a4a81450b','04be7ddc-e099-11e5-ae56-001a4a81450b',2,'root@localhost','2016-04-12 15:06:18',NULL,NULL);
INSERT INTO `tool_language` (`tool_language_id`, `tool_uuid`, `tool_version_uuid`, `package_type_id`, `create_user`, `create_date`, `update_user`, `update_date`) VALUES (100,'163f2b01-156e-11e3-a239-001a4a81450b','04be7ddc-e099-11e5-ae56-001a4a81450b',6,'root@localhost','2016-04-12 15:06:18',NULL,NULL);
INSERT INTO `tool_language` (`tool_language_id`, `tool_uuid`, `tool_version_uuid`, `package_type_id`, `create_user`, `create_date`, `update_user`, `update_date`) VALUES (107,'992A48A5-62EC-4EE9-8429-45BB94275A41','09449DE5-8E63-44EA-8396-23C64525D57C',12,'root@localhost','2016-04-12 15:06:18',NULL,NULL);
INSERT INTO `tool_language` (`tool_language_id`, `tool_uuid`, `tool_version_uuid`, `package_type_id`, `create_user`, `create_date`, `update_user`, `update_date`) VALUES (108,'992A48A5-62EC-4EE9-8429-45BB94275A41','0667d30a-a7f0-11e4-a335-001a4a81450b',12,'root@localhost','2016-04-12 15:06:18',NULL,NULL);
INSERT INTO `tool_language` (`tool_language_id`, `tool_uuid`, `tool_version_uuid`, `package_type_id`, `create_user`, `create_date`, `update_user`, `update_date`) VALUES (109,'163d56a7-156e-11e3-a239-001a4a81450b','27ea7f63-a813-11e4-a335-001a4a81450b',12,'root@localhost','2016-04-12 15:06:18',NULL,NULL);
INSERT INTO `tool_language` (`tool_language_id`, `tool_uuid`, `tool_version_uuid`, `package_type_id`, `create_user`, `create_date`, `update_user`, `update_date`) VALUES (110,'163d56a7-156e-11e3-a239-001a4a81450b','9c48c4ad-e098-11e5-ae56-001a4a81450b',12,'root@localhost','2016-04-12 15:06:18',NULL,NULL);
INSERT INTO `tool_language` (`tool_language_id`, `tool_uuid`, `tool_version_uuid`, `package_type_id`, `create_user`, `create_date`, `update_user`, `update_date`) VALUES (113,'163f2b01-156e-11e3-a239-001a4a81450b','16414980-156e-11e3-a239-001a4a81450b',12,'root@localhost','2016-04-12 15:06:18',NULL,NULL);
INSERT INTO `tool_language` (`tool_language_id`, `tool_uuid`, `tool_version_uuid`, `package_type_id`, `create_user`, `create_date`, `update_user`, `update_date`) VALUES (114,'163f2b01-156e-11e3-a239-001a4a81450b','a2d949ef-cb53-11e3-8775-001a4a81450b',12,'root@localhost','2016-04-12 15:06:18',NULL,NULL);
INSERT INTO `tool_language` (`tool_language_id`, `tool_uuid`, `tool_version_uuid`, `package_type_id`, `create_user`, `create_date`, `update_user`, `update_date`) VALUES (115,'163f2b01-156e-11e3-a239-001a4a81450b','bdaf4b93-a811-11e4-a335-001a4a81450b',12,'root@localhost','2016-04-12 15:06:18',NULL,NULL);
INSERT INTO `tool_language` (`tool_language_id`, `tool_uuid`, `tool_version_uuid`, `package_type_id`, `create_user`, `create_date`, `update_user`, `update_date`) VALUES (116,'163f2b01-156e-11e3-a239-001a4a81450b','04be7ddc-e099-11e5-ae56-001a4a81450b',12,'root@localhost','2016-04-12 15:06:18',NULL,NULL);
INSERT INTO `tool_language` (`tool_language_id`, `tool_uuid`, `tool_version_uuid`, `package_type_id`, `create_user`, `create_date`, `update_user`, `update_date`) VALUES (117,'163d56a7-156e-11e3-a239-001a4a81450b','27ea7f63-a813-11e4-a335-001a4a81450b',13,'root@localhost','2016-04-12 15:06:18',NULL,NULL);
INSERT INTO `tool_language` (`tool_language_id`, `tool_uuid`, `tool_version_uuid`, `package_type_id`, `create_user`, `create_date`, `update_user`, `update_date`) VALUES (118,'163d56a7-156e-11e3-a239-001a4a81450b','9c48c4ad-e098-11e5-ae56-001a4a81450b',13,'root@localhost','2016-04-12 15:06:18',NULL,NULL);
INSERT INTO `tool_language` (`tool_language_id`, `tool_uuid`, `tool_version_uuid`, `package_type_id`, `create_user`, `create_date`, `update_user`, `update_date`) VALUES (119,'f212557c-3050-11e3-9a3e-001a4a81450b','ea38477e-16cc-11e6-807f-001a4a81450b',1,'root@localhost','2016-06-02 15:46:25',NULL,NULL);
INSERT INTO `tool_language` (`tool_language_id`, `tool_uuid`, `tool_version_uuid`, `package_type_id`, `create_user`, `create_date`, `update_user`, `update_date`) VALUES (120,'163e5d8c-156e-11e3-a239-001a4a81450b','b9045569-16cc-11e6-807f-001a4a81450b',1,'root@localhost','2016-06-02 15:46:25',NULL,NULL);
INSERT INTO `tool_language` (`tool_language_id`, `tool_uuid`, `tool_version_uuid`, `package_type_id`, `create_user`, `create_date`, `update_user`, `update_date`) VALUES (121,'163e5d8c-156e-11e3-a239-001a4a81450b','b82a731e-7b79-11e6-88bc-001a4a81450b',1,'root@localhost','2016-11-08 16:02:10',NULL,NULL);
INSERT INTO `tool_language` (`tool_language_id`, `tool_uuid`, `tool_version_uuid`, `package_type_id`, `create_user`, `create_date`, `update_user`, `update_date`) VALUES (122,'163e5d8c-156e-11e3-a239-001a4a81450b','edef671e-7b79-11e6-88bc-001a4a81450b',1,'root@localhost','2016-11-08 16:02:10',NULL,NULL);
INSERT INTO `tool_language` (`tool_language_id`, `tool_uuid`, `tool_version_uuid`, `package_type_id`, `create_user`, `create_date`, `update_user`, `update_date`) VALUES (123,'d032d8ec-9184-11e6-88bc-001a4a81450b','e3466345-9184-11e6-88bc-001a4a81450b',2,'root@localhost','2016-11-08 16:02:10',NULL,NULL);
INSERT INTO `tool_language` (`tool_language_id`, `tool_uuid`, `tool_version_uuid`, `package_type_id`, `create_user`, `create_date`, `update_user`, `update_date`) VALUES (124,'d032d8ec-9184-11e6-88bc-001a4a81450b','e3466345-9184-11e6-88bc-001a4a81450b',3,'root@localhost','2016-11-08 16:02:11',NULL,NULL);
INSERT INTO `tool_language` (`tool_language_id`, `tool_uuid`, `tool_version_uuid`, `package_type_id`, `create_user`, `create_date`, `update_user`, `update_date`) VALUES (125,'d032d8ec-9184-11e6-88bc-001a4a81450b','e3466345-9184-11e6-88bc-001a4a81450b',6,'root@localhost','2016-11-08 16:02:11',NULL,NULL);
INSERT INTO `tool_language` (`tool_language_id`, `tool_uuid`, `tool_version_uuid`, `package_type_id`, `create_user`, `create_date`, `update_user`, `update_date`) VALUES (126,'d032d8ec-9184-11e6-88bc-001a4a81450b','e3466345-9184-11e6-88bc-001a4a81450b',11,'root@localhost','2016-11-08 16:02:11',NULL,NULL);
INSERT INTO `tool_language` (`tool_language_id`, `tool_uuid`, `tool_version_uuid`, `package_type_id`, `create_user`, `create_date`, `update_user`, `update_date`) VALUES (127,'d032d8ec-9184-11e6-88bc-001a4a81450b','e3466345-9184-11e6-88bc-001a4a81450b',12,'root@localhost','2016-11-08 16:02:11',NULL,NULL);
INSERT INTO `tool_language` (`tool_language_id`, `tool_uuid`, `tool_version_uuid`, `package_type_id`, `create_user`, `create_date`, `update_user`, `update_date`) VALUES (128,'d032d8ec-9184-11e6-88bc-001a4a81450b','e3466345-9184-11e6-88bc-001a4a81450b',13,'root@localhost','2016-11-08 16:02:11',NULL,NULL);
UNLOCK TABLES;

LOCK TABLES `tool_platform` WRITE;
INSERT INTO `tool_platform` (`tool_platform_id`, `tool_uuid`, `platform_uuid`, `create_user`, `create_date`, `update_user`, `update_date`) VALUES (77,'0f668fb0-4421-11e4-a4f3-001a4a81450b','03e6bc67-7c3f-11e6-88bc-001a4a81450b','root@localhost','2016-11-08 16:02:11',NULL,NULL);
INSERT INTO `tool_platform` (`tool_platform_id`, `tool_uuid`, `platform_uuid`, `create_user`, `create_date`, `update_user`, `update_date`) VALUES (78,'0f668fb0-4421-11e4-a4f3-001a4a81450b','071890c4-7c3b-11e6-88bc-001a4a81450b','root@localhost','2016-11-08 16:02:11',NULL,NULL);
INSERT INTO `tool_platform` (`tool_platform_id`, `tool_uuid`, `platform_uuid`, `create_user`, `create_date`, `update_user`, `update_date`) VALUES (79,'0f668fb0-4421-11e4-a4f3-001a4a81450b','1088c3ce-20aa-11e3-9a3e-001a4a81450b','root@localhost','2016-11-08 16:02:11',NULL,NULL);
INSERT INTO `tool_platform` (`tool_platform_id`, `tool_uuid`, `platform_uuid`, `create_user`, `create_date`, `update_user`, `update_date`) VALUES (80,'0f668fb0-4421-11e4-a4f3-001a4a81450b','4604e180-7c3a-11e6-88bc-001a4a81450b','root@localhost','2016-11-08 16:02:11',NULL,NULL);
INSERT INTO `tool_platform` (`tool_platform_id`, `tool_uuid`, `platform_uuid`, `create_user`, `create_date`, `update_user`, `update_date`) VALUES (81,'0f668fb0-4421-11e4-a4f3-001a4a81450b','8a51ecea-209d-11e3-9a3e-001a4a81450b','root@localhost','2016-11-08 16:02:11',NULL,NULL);
INSERT INTO `tool_platform` (`tool_platform_id`, `tool_uuid`, `platform_uuid`, `create_user`, `create_date`, `update_user`, `update_date`) VALUES (82,'0f668fb0-4421-11e4-a4f3-001a4a81450b','8d5b61ff-7c3f-11e6-88bc-001a4a81450b','root@localhost','2016-11-08 16:02:11',NULL,NULL);
INSERT INTO `tool_platform` (`tool_platform_id`, `tool_uuid`, `platform_uuid`, `create_user`, `create_date`, `update_user`, `update_date`) VALUES (83,'0f668fb0-4421-11e4-a4f3-001a4a81450b','9369ab7a-7c3a-11e6-88bc-001a4a81450b','root@localhost','2016-11-08 16:02:11',NULL,NULL);
INSERT INTO `tool_platform` (`tool_platform_id`, `tool_uuid`, `platform_uuid`, `create_user`, `create_date`, `update_user`, `update_date`) VALUES (84,'0f668fb0-4421-11e4-a4f3-001a4a81450b','a4f024eb-f317-11e3-8775-001a4a81450b','root@localhost','2016-11-08 16:02:11',NULL,NULL);
INSERT INTO `tool_platform` (`tool_platform_id`, `tool_uuid`, `platform_uuid`, `create_user`, `create_date`, `update_user`, `update_date`) VALUES (85,'0f668fb0-4421-11e4-a4f3-001a4a81450b','d531f0f0-f273-11e3-8775-001a4a81450b','root@localhost','2016-11-08 16:02:11',NULL,NULL);
INSERT INTO `tool_platform` (`tool_platform_id`, `tool_uuid`, `platform_uuid`, `create_user`, `create_date`, `update_user`, `update_date`) VALUES (86,'0f668fb0-4421-11e4-a4f3-001a4a81450b','d95fcb5f-209d-11e3-9a3e-001a4a81450b','root@localhost','2016-11-08 16:02:11',NULL,NULL);
INSERT INTO `tool_platform` (`tool_platform_id`, `tool_uuid`, `platform_uuid`, `create_user`, `create_date`, `update_user`, `update_date`) VALUES (87,'0f668fb0-4421-11e4-a4f3-001a4a81450b','ee2c1193-209b-11e3-9a3e-001a4a81450b','root@localhost','2016-11-08 16:02:11',NULL,NULL);
INSERT INTO `tool_platform` (`tool_platform_id`, `tool_uuid`, `platform_uuid`, `create_user`, `create_date`, `update_user`, `update_date`) VALUES (88,'0f668fb0-4421-11e4-a4f3-001a4a81450b','ef10a44c-7c3a-11e6-88bc-001a4a81450b','root@localhost','2016-11-08 16:02:11',NULL,NULL);
INSERT INTO `tool_platform` (`tool_platform_id`, `tool_uuid`, `platform_uuid`, `create_user`, `create_date`, `update_user`, `update_date`) VALUES (89,'0f668fb0-4421-11e4-a4f3-001a4a81450b','fc55810b-09d7-11e3-a239-001a4a81450b','root@localhost','2016-11-08 16:02:11',NULL,NULL);
INSERT INTO `tool_platform` (`tool_platform_id`, `tool_uuid`, `platform_uuid`, `create_user`, `create_date`, `update_user`, `update_date`) VALUES (103,'163d56a7-156e-11e3-a239-001a4a81450b','03e6bc67-7c3f-11e6-88bc-001a4a81450b','root@localhost','2016-11-08 16:02:11',NULL,NULL);
INSERT INTO `tool_platform` (`tool_platform_id`, `tool_uuid`, `platform_uuid`, `create_user`, `create_date`, `update_user`, `update_date`) VALUES (104,'163d56a7-156e-11e3-a239-001a4a81450b','071890c4-7c3b-11e6-88bc-001a4a81450b','root@localhost','2016-11-08 16:02:11',NULL,NULL);
INSERT INTO `tool_platform` (`tool_platform_id`, `tool_uuid`, `platform_uuid`, `create_user`, `create_date`, `update_user`, `update_date`) VALUES (105,'163d56a7-156e-11e3-a239-001a4a81450b','1088c3ce-20aa-11e3-9a3e-001a4a81450b','root@localhost','2016-11-08 16:02:11',NULL,NULL);
INSERT INTO `tool_platform` (`tool_platform_id`, `tool_uuid`, `platform_uuid`, `create_user`, `create_date`, `update_user`, `update_date`) VALUES (106,'163d56a7-156e-11e3-a239-001a4a81450b','4604e180-7c3a-11e6-88bc-001a4a81450b','root@localhost','2016-11-08 16:02:11',NULL,NULL);
INSERT INTO `tool_platform` (`tool_platform_id`, `tool_uuid`, `platform_uuid`, `create_user`, `create_date`, `update_user`, `update_date`) VALUES (107,'163d56a7-156e-11e3-a239-001a4a81450b','8a51ecea-209d-11e3-9a3e-001a4a81450b','root@localhost','2016-11-08 16:02:11',NULL,NULL);
INSERT INTO `tool_platform` (`tool_platform_id`, `tool_uuid`, `platform_uuid`, `create_user`, `create_date`, `update_user`, `update_date`) VALUES (108,'163d56a7-156e-11e3-a239-001a4a81450b','8d5b61ff-7c3f-11e6-88bc-001a4a81450b','root@localhost','2016-11-08 16:02:11',NULL,NULL);
INSERT INTO `tool_platform` (`tool_platform_id`, `tool_uuid`, `platform_uuid`, `create_user`, `create_date`, `update_user`, `update_date`) VALUES (109,'163d56a7-156e-11e3-a239-001a4a81450b','9369ab7a-7c3a-11e6-88bc-001a4a81450b','root@localhost','2016-11-08 16:02:11',NULL,NULL);
INSERT INTO `tool_platform` (`tool_platform_id`, `tool_uuid`, `platform_uuid`, `create_user`, `create_date`, `update_user`, `update_date`) VALUES (110,'163d56a7-156e-11e3-a239-001a4a81450b','a4f024eb-f317-11e3-8775-001a4a81450b','root@localhost','2016-11-08 16:02:11',NULL,NULL);
INSERT INTO `tool_platform` (`tool_platform_id`, `tool_uuid`, `platform_uuid`, `create_user`, `create_date`, `update_user`, `update_date`) VALUES (111,'163d56a7-156e-11e3-a239-001a4a81450b','d531f0f0-f273-11e3-8775-001a4a81450b','root@localhost','2016-11-08 16:02:11',NULL,NULL);
INSERT INTO `tool_platform` (`tool_platform_id`, `tool_uuid`, `platform_uuid`, `create_user`, `create_date`, `update_user`, `update_date`) VALUES (112,'163d56a7-156e-11e3-a239-001a4a81450b','d95fcb5f-209d-11e3-9a3e-001a4a81450b','root@localhost','2016-11-08 16:02:11',NULL,NULL);
INSERT INTO `tool_platform` (`tool_platform_id`, `tool_uuid`, `platform_uuid`, `create_user`, `create_date`, `update_user`, `update_date`) VALUES (113,'163d56a7-156e-11e3-a239-001a4a81450b','ee2c1193-209b-11e3-9a3e-001a4a81450b','root@localhost','2016-11-08 16:02:11',NULL,NULL);
INSERT INTO `tool_platform` (`tool_platform_id`, `tool_uuid`, `platform_uuid`, `create_user`, `create_date`, `update_user`, `update_date`) VALUES (114,'163d56a7-156e-11e3-a239-001a4a81450b','ef10a44c-7c3a-11e6-88bc-001a4a81450b','root@localhost','2016-11-08 16:02:11',NULL,NULL);
INSERT INTO `tool_platform` (`tool_platform_id`, `tool_uuid`, `platform_uuid`, `create_user`, `create_date`, `update_user`, `update_date`) VALUES (115,'163d56a7-156e-11e3-a239-001a4a81450b','fc55810b-09d7-11e3-a239-001a4a81450b','root@localhost','2016-11-08 16:02:11',NULL,NULL);
INSERT INTO `tool_platform` (`tool_platform_id`, `tool_uuid`, `platform_uuid`, `create_user`, `create_date`, `update_user`, `update_date`) VALUES (116,'163e5d8c-156e-11e3-a239-001a4a81450b','03e6bc67-7c3f-11e6-88bc-001a4a81450b','root@localhost','2016-11-08 16:02:11',NULL,NULL);
INSERT INTO `tool_platform` (`tool_platform_id`, `tool_uuid`, `platform_uuid`, `create_user`, `create_date`, `update_user`, `update_date`) VALUES (117,'163e5d8c-156e-11e3-a239-001a4a81450b','071890c4-7c3b-11e6-88bc-001a4a81450b','root@localhost','2016-11-08 16:02:11',NULL,NULL);
INSERT INTO `tool_platform` (`tool_platform_id`, `tool_uuid`, `platform_uuid`, `create_user`, `create_date`, `update_user`, `update_date`) VALUES (118,'163e5d8c-156e-11e3-a239-001a4a81450b','1088c3ce-20aa-11e3-9a3e-001a4a81450b','root@localhost','2016-11-08 16:02:11',NULL,NULL);
INSERT INTO `tool_platform` (`tool_platform_id`, `tool_uuid`, `platform_uuid`, `create_user`, `create_date`, `update_user`, `update_date`) VALUES (119,'163e5d8c-156e-11e3-a239-001a4a81450b','4604e180-7c3a-11e6-88bc-001a4a81450b','root@localhost','2016-11-08 16:02:11',NULL,NULL);
INSERT INTO `tool_platform` (`tool_platform_id`, `tool_uuid`, `platform_uuid`, `create_user`, `create_date`, `update_user`, `update_date`) VALUES (120,'163e5d8c-156e-11e3-a239-001a4a81450b','8a51ecea-209d-11e3-9a3e-001a4a81450b','root@localhost','2016-11-08 16:02:11',NULL,NULL);
INSERT INTO `tool_platform` (`tool_platform_id`, `tool_uuid`, `platform_uuid`, `create_user`, `create_date`, `update_user`, `update_date`) VALUES (121,'163e5d8c-156e-11e3-a239-001a4a81450b','8d5b61ff-7c3f-11e6-88bc-001a4a81450b','root@localhost','2016-11-08 16:02:11',NULL,NULL);
INSERT INTO `tool_platform` (`tool_platform_id`, `tool_uuid`, `platform_uuid`, `create_user`, `create_date`, `update_user`, `update_date`) VALUES (122,'163e5d8c-156e-11e3-a239-001a4a81450b','9369ab7a-7c3a-11e6-88bc-001a4a81450b','root@localhost','2016-11-08 16:02:11',NULL,NULL);
INSERT INTO `tool_platform` (`tool_platform_id`, `tool_uuid`, `platform_uuid`, `create_user`, `create_date`, `update_user`, `update_date`) VALUES (123,'163e5d8c-156e-11e3-a239-001a4a81450b','a4f024eb-f317-11e3-8775-001a4a81450b','root@localhost','2016-11-08 16:02:11',NULL,NULL);
INSERT INTO `tool_platform` (`tool_platform_id`, `tool_uuid`, `platform_uuid`, `create_user`, `create_date`, `update_user`, `update_date`) VALUES (124,'163e5d8c-156e-11e3-a239-001a4a81450b','d531f0f0-f273-11e3-8775-001a4a81450b','root@localhost','2016-11-08 16:02:11',NULL,NULL);
INSERT INTO `tool_platform` (`tool_platform_id`, `tool_uuid`, `platform_uuid`, `create_user`, `create_date`, `update_user`, `update_date`) VALUES (125,'163e5d8c-156e-11e3-a239-001a4a81450b','d95fcb5f-209d-11e3-9a3e-001a4a81450b','root@localhost','2016-11-08 16:02:11',NULL,NULL);
INSERT INTO `tool_platform` (`tool_platform_id`, `tool_uuid`, `platform_uuid`, `create_user`, `create_date`, `update_user`, `update_date`) VALUES (126,'163e5d8c-156e-11e3-a239-001a4a81450b','ee2c1193-209b-11e3-9a3e-001a4a81450b','root@localhost','2016-11-08 16:02:11',NULL,NULL);
INSERT INTO `tool_platform` (`tool_platform_id`, `tool_uuid`, `platform_uuid`, `create_user`, `create_date`, `update_user`, `update_date`) VALUES (127,'163e5d8c-156e-11e3-a239-001a4a81450b','ef10a44c-7c3a-11e6-88bc-001a4a81450b','root@localhost','2016-11-08 16:02:11',NULL,NULL);
INSERT INTO `tool_platform` (`tool_platform_id`, `tool_uuid`, `platform_uuid`, `create_user`, `create_date`, `update_user`, `update_date`) VALUES (128,'163e5d8c-156e-11e3-a239-001a4a81450b','fc55810b-09d7-11e3-a239-001a4a81450b','root@localhost','2016-11-08 16:02:11',NULL,NULL);
INSERT INTO `tool_platform` (`tool_platform_id`, `tool_uuid`, `platform_uuid`, `create_user`, `create_date`, `update_user`, `update_date`) VALUES (129,'163f2b01-156e-11e3-a239-001a4a81450b','03e6bc67-7c3f-11e6-88bc-001a4a81450b','root@localhost','2016-11-08 16:02:11',NULL,NULL);
INSERT INTO `tool_platform` (`tool_platform_id`, `tool_uuid`, `platform_uuid`, `create_user`, `create_date`, `update_user`, `update_date`) VALUES (130,'163f2b01-156e-11e3-a239-001a4a81450b','071890c4-7c3b-11e6-88bc-001a4a81450b','root@localhost','2016-11-08 16:02:11',NULL,NULL);
INSERT INTO `tool_platform` (`tool_platform_id`, `tool_uuid`, `platform_uuid`, `create_user`, `create_date`, `update_user`, `update_date`) VALUES (131,'163f2b01-156e-11e3-a239-001a4a81450b','1088c3ce-20aa-11e3-9a3e-001a4a81450b','root@localhost','2016-11-08 16:02:11',NULL,NULL);
INSERT INTO `tool_platform` (`tool_platform_id`, `tool_uuid`, `platform_uuid`, `create_user`, `create_date`, `update_user`, `update_date`) VALUES (132,'163f2b01-156e-11e3-a239-001a4a81450b','4604e180-7c3a-11e6-88bc-001a4a81450b','root@localhost','2016-11-08 16:02:11',NULL,NULL);
INSERT INTO `tool_platform` (`tool_platform_id`, `tool_uuid`, `platform_uuid`, `create_user`, `create_date`, `update_user`, `update_date`) VALUES (133,'163f2b01-156e-11e3-a239-001a4a81450b','8a51ecea-209d-11e3-9a3e-001a4a81450b','root@localhost','2016-11-08 16:02:11',NULL,NULL);
INSERT INTO `tool_platform` (`tool_platform_id`, `tool_uuid`, `platform_uuid`, `create_user`, `create_date`, `update_user`, `update_date`) VALUES (134,'163f2b01-156e-11e3-a239-001a4a81450b','8d5b61ff-7c3f-11e6-88bc-001a4a81450b','root@localhost','2016-11-08 16:02:11',NULL,NULL);
INSERT INTO `tool_platform` (`tool_platform_id`, `tool_uuid`, `platform_uuid`, `create_user`, `create_date`, `update_user`, `update_date`) VALUES (135,'163f2b01-156e-11e3-a239-001a4a81450b','9369ab7a-7c3a-11e6-88bc-001a4a81450b','root@localhost','2016-11-08 16:02:11',NULL,NULL);
INSERT INTO `tool_platform` (`tool_platform_id`, `tool_uuid`, `platform_uuid`, `create_user`, `create_date`, `update_user`, `update_date`) VALUES (136,'163f2b01-156e-11e3-a239-001a4a81450b','a4f024eb-f317-11e3-8775-001a4a81450b','root@localhost','2016-11-08 16:02:11',NULL,NULL);
INSERT INTO `tool_platform` (`tool_platform_id`, `tool_uuid`, `platform_uuid`, `create_user`, `create_date`, `update_user`, `update_date`) VALUES (137,'163f2b01-156e-11e3-a239-001a4a81450b','d531f0f0-f273-11e3-8775-001a4a81450b','root@localhost','2016-11-08 16:02:11',NULL,NULL);
INSERT INTO `tool_platform` (`tool_platform_id`, `tool_uuid`, `platform_uuid`, `create_user`, `create_date`, `update_user`, `update_date`) VALUES (138,'163f2b01-156e-11e3-a239-001a4a81450b','d95fcb5f-209d-11e3-9a3e-001a4a81450b','root@localhost','2016-11-08 16:02:11',NULL,NULL);
INSERT INTO `tool_platform` (`tool_platform_id`, `tool_uuid`, `platform_uuid`, `create_user`, `create_date`, `update_user`, `update_date`) VALUES (139,'163f2b01-156e-11e3-a239-001a4a81450b','ee2c1193-209b-11e3-9a3e-001a4a81450b','root@localhost','2016-11-08 16:02:11',NULL,NULL);
INSERT INTO `tool_platform` (`tool_platform_id`, `tool_uuid`, `platform_uuid`, `create_user`, `create_date`, `update_user`, `update_date`) VALUES (140,'163f2b01-156e-11e3-a239-001a4a81450b','ef10a44c-7c3a-11e6-88bc-001a4a81450b','root@localhost','2016-11-08 16:02:11',NULL,NULL);
INSERT INTO `tool_platform` (`tool_platform_id`, `tool_uuid`, `platform_uuid`, `create_user`, `create_date`, `update_user`, `update_date`) VALUES (141,'163f2b01-156e-11e3-a239-001a4a81450b','fc55810b-09d7-11e3-a239-001a4a81450b','root@localhost','2016-11-08 16:02:11',NULL,NULL);
INSERT INTO `tool_platform` (`tool_platform_id`, `tool_uuid`, `platform_uuid`, `create_user`, `create_date`, `update_user`, `update_date`) VALUES (168,'56872C2E-1D78-4DB0-B976-83ACF5424C52','03e6bc67-7c3f-11e6-88bc-001a4a81450b','root@localhost','2016-11-08 16:02:11',NULL,NULL);
INSERT INTO `tool_platform` (`tool_platform_id`, `tool_uuid`, `platform_uuid`, `create_user`, `create_date`, `update_user`, `update_date`) VALUES (169,'56872C2E-1D78-4DB0-B976-83ACF5424C52','071890c4-7c3b-11e6-88bc-001a4a81450b','root@localhost','2016-11-08 16:02:11',NULL,NULL);
INSERT INTO `tool_platform` (`tool_platform_id`, `tool_uuid`, `platform_uuid`, `create_user`, `create_date`, `update_user`, `update_date`) VALUES (170,'56872C2E-1D78-4DB0-B976-83ACF5424C52','1088c3ce-20aa-11e3-9a3e-001a4a81450b','root@localhost','2016-11-08 16:02:11',NULL,NULL);
INSERT INTO `tool_platform` (`tool_platform_id`, `tool_uuid`, `platform_uuid`, `create_user`, `create_date`, `update_user`, `update_date`) VALUES (171,'56872C2E-1D78-4DB0-B976-83ACF5424C52','4604e180-7c3a-11e6-88bc-001a4a81450b','root@localhost','2016-11-08 16:02:11',NULL,NULL);
INSERT INTO `tool_platform` (`tool_platform_id`, `tool_uuid`, `platform_uuid`, `create_user`, `create_date`, `update_user`, `update_date`) VALUES (172,'56872C2E-1D78-4DB0-B976-83ACF5424C52','8a51ecea-209d-11e3-9a3e-001a4a81450b','root@localhost','2016-11-08 16:02:11',NULL,NULL);
INSERT INTO `tool_platform` (`tool_platform_id`, `tool_uuid`, `platform_uuid`, `create_user`, `create_date`, `update_user`, `update_date`) VALUES (173,'56872C2E-1D78-4DB0-B976-83ACF5424C52','8d5b61ff-7c3f-11e6-88bc-001a4a81450b','root@localhost','2016-11-08 16:02:11',NULL,NULL);
INSERT INTO `tool_platform` (`tool_platform_id`, `tool_uuid`, `platform_uuid`, `create_user`, `create_date`, `update_user`, `update_date`) VALUES (174,'56872C2E-1D78-4DB0-B976-83ACF5424C52','9369ab7a-7c3a-11e6-88bc-001a4a81450b','root@localhost','2016-11-08 16:02:11',NULL,NULL);
INSERT INTO `tool_platform` (`tool_platform_id`, `tool_uuid`, `platform_uuid`, `create_user`, `create_date`, `update_user`, `update_date`) VALUES (175,'56872C2E-1D78-4DB0-B976-83ACF5424C52','a4f024eb-f317-11e3-8775-001a4a81450b','root@localhost','2016-11-08 16:02:11',NULL,NULL);
INSERT INTO `tool_platform` (`tool_platform_id`, `tool_uuid`, `platform_uuid`, `create_user`, `create_date`, `update_user`, `update_date`) VALUES (176,'56872C2E-1D78-4DB0-B976-83ACF5424C52','d531f0f0-f273-11e3-8775-001a4a81450b','root@localhost','2016-11-08 16:02:11',NULL,NULL);
INSERT INTO `tool_platform` (`tool_platform_id`, `tool_uuid`, `platform_uuid`, `create_user`, `create_date`, `update_user`, `update_date`) VALUES (177,'56872C2E-1D78-4DB0-B976-83ACF5424C52','d95fcb5f-209d-11e3-9a3e-001a4a81450b','root@localhost','2016-11-08 16:02:11',NULL,NULL);
INSERT INTO `tool_platform` (`tool_platform_id`, `tool_uuid`, `platform_uuid`, `create_user`, `create_date`, `update_user`, `update_date`) VALUES (178,'56872C2E-1D78-4DB0-B976-83ACF5424C52','ee2c1193-209b-11e3-9a3e-001a4a81450b','root@localhost','2016-11-08 16:02:11',NULL,NULL);
INSERT INTO `tool_platform` (`tool_platform_id`, `tool_uuid`, `platform_uuid`, `create_user`, `create_date`, `update_user`, `update_date`) VALUES (179,'56872C2E-1D78-4DB0-B976-83ACF5424C52','ef10a44c-7c3a-11e6-88bc-001a4a81450b','root@localhost','2016-11-08 16:02:11',NULL,NULL);
INSERT INTO `tool_platform` (`tool_platform_id`, `tool_uuid`, `platform_uuid`, `create_user`, `create_date`, `update_user`, `update_date`) VALUES (180,'56872C2E-1D78-4DB0-B976-83ACF5424C52','fc55810b-09d7-11e3-a239-001a4a81450b','root@localhost','2016-11-08 16:02:11',NULL,NULL);
INSERT INTO `tool_platform` (`tool_platform_id`, `tool_uuid`, `platform_uuid`, `create_user`, `create_date`, `update_user`, `update_date`) VALUES (181,'59612f24-0946-11e5-b6a7-001a4a81450b','03e6bc67-7c3f-11e6-88bc-001a4a81450b','root@localhost','2016-11-08 16:02:11',NULL,NULL);
INSERT INTO `tool_platform` (`tool_platform_id`, `tool_uuid`, `platform_uuid`, `create_user`, `create_date`, `update_user`, `update_date`) VALUES (182,'59612f24-0946-11e5-b6a7-001a4a81450b','071890c4-7c3b-11e6-88bc-001a4a81450b','root@localhost','2016-11-08 16:02:11',NULL,NULL);
INSERT INTO `tool_platform` (`tool_platform_id`, `tool_uuid`, `platform_uuid`, `create_user`, `create_date`, `update_user`, `update_date`) VALUES (183,'59612f24-0946-11e5-b6a7-001a4a81450b','1088c3ce-20aa-11e3-9a3e-001a4a81450b','root@localhost','2016-11-08 16:02:11',NULL,NULL);
INSERT INTO `tool_platform` (`tool_platform_id`, `tool_uuid`, `platform_uuid`, `create_user`, `create_date`, `update_user`, `update_date`) VALUES (184,'59612f24-0946-11e5-b6a7-001a4a81450b','4604e180-7c3a-11e6-88bc-001a4a81450b','root@localhost','2016-11-08 16:02:11',NULL,NULL);
INSERT INTO `tool_platform` (`tool_platform_id`, `tool_uuid`, `platform_uuid`, `create_user`, `create_date`, `update_user`, `update_date`) VALUES (185,'59612f24-0946-11e5-b6a7-001a4a81450b','8a51ecea-209d-11e3-9a3e-001a4a81450b','root@localhost','2016-11-08 16:02:11',NULL,NULL);
INSERT INTO `tool_platform` (`tool_platform_id`, `tool_uuid`, `platform_uuid`, `create_user`, `create_date`, `update_user`, `update_date`) VALUES (186,'59612f24-0946-11e5-b6a7-001a4a81450b','8d5b61ff-7c3f-11e6-88bc-001a4a81450b','root@localhost','2016-11-08 16:02:11',NULL,NULL);
INSERT INTO `tool_platform` (`tool_platform_id`, `tool_uuid`, `platform_uuid`, `create_user`, `create_date`, `update_user`, `update_date`) VALUES (187,'59612f24-0946-11e5-b6a7-001a4a81450b','9369ab7a-7c3a-11e6-88bc-001a4a81450b','root@localhost','2016-11-08 16:02:11',NULL,NULL);
INSERT INTO `tool_platform` (`tool_platform_id`, `tool_uuid`, `platform_uuid`, `create_user`, `create_date`, `update_user`, `update_date`) VALUES (188,'59612f24-0946-11e5-b6a7-001a4a81450b','a4f024eb-f317-11e3-8775-001a4a81450b','root@localhost','2016-11-08 16:02:11',NULL,NULL);
INSERT INTO `tool_platform` (`tool_platform_id`, `tool_uuid`, `platform_uuid`, `create_user`, `create_date`, `update_user`, `update_date`) VALUES (189,'59612f24-0946-11e5-b6a7-001a4a81450b','d531f0f0-f273-11e3-8775-001a4a81450b','root@localhost','2016-11-08 16:02:11',NULL,NULL);
INSERT INTO `tool_platform` (`tool_platform_id`, `tool_uuid`, `platform_uuid`, `create_user`, `create_date`, `update_user`, `update_date`) VALUES (190,'59612f24-0946-11e5-b6a7-001a4a81450b','d95fcb5f-209d-11e3-9a3e-001a4a81450b','root@localhost','2016-11-08 16:02:11',NULL,NULL);
INSERT INTO `tool_platform` (`tool_platform_id`, `tool_uuid`, `platform_uuid`, `create_user`, `create_date`, `update_user`, `update_date`) VALUES (191,'59612f24-0946-11e5-b6a7-001a4a81450b','ee2c1193-209b-11e3-9a3e-001a4a81450b','root@localhost','2016-11-08 16:02:11',NULL,NULL);
INSERT INTO `tool_platform` (`tool_platform_id`, `tool_uuid`, `platform_uuid`, `create_user`, `create_date`, `update_user`, `update_date`) VALUES (192,'59612f24-0946-11e5-b6a7-001a4a81450b','ef10a44c-7c3a-11e6-88bc-001a4a81450b','root@localhost','2016-11-08 16:02:11',NULL,NULL);
INSERT INTO `tool_platform` (`tool_platform_id`, `tool_uuid`, `platform_uuid`, `create_user`, `create_date`, `update_user`, `update_date`) VALUES (193,'59612f24-0946-11e5-b6a7-001a4a81450b','fc55810b-09d7-11e3-a239-001a4a81450b','root@localhost','2016-11-08 16:02:11',NULL,NULL);
INSERT INTO `tool_platform` (`tool_platform_id`, `tool_uuid`, `platform_uuid`, `create_user`, `create_date`, `update_user`, `update_date`) VALUES (194,'5cd726a5-4053-11e5-83f1-001a4a81450b','03e6bc67-7c3f-11e6-88bc-001a4a81450b','root@localhost','2016-11-08 16:02:11',NULL,NULL);
INSERT INTO `tool_platform` (`tool_platform_id`, `tool_uuid`, `platform_uuid`, `create_user`, `create_date`, `update_user`, `update_date`) VALUES (195,'5cd726a5-4053-11e5-83f1-001a4a81450b','071890c4-7c3b-11e6-88bc-001a4a81450b','root@localhost','2016-11-08 16:02:11',NULL,NULL);
INSERT INTO `tool_platform` (`tool_platform_id`, `tool_uuid`, `platform_uuid`, `create_user`, `create_date`, `update_user`, `update_date`) VALUES (196,'5cd726a5-4053-11e5-83f1-001a4a81450b','1088c3ce-20aa-11e3-9a3e-001a4a81450b','root@localhost','2016-11-08 16:02:11',NULL,NULL);
INSERT INTO `tool_platform` (`tool_platform_id`, `tool_uuid`, `platform_uuid`, `create_user`, `create_date`, `update_user`, `update_date`) VALUES (197,'5cd726a5-4053-11e5-83f1-001a4a81450b','4604e180-7c3a-11e6-88bc-001a4a81450b','root@localhost','2016-11-08 16:02:11',NULL,NULL);
INSERT INTO `tool_platform` (`tool_platform_id`, `tool_uuid`, `platform_uuid`, `create_user`, `create_date`, `update_user`, `update_date`) VALUES (198,'5cd726a5-4053-11e5-83f1-001a4a81450b','8a51ecea-209d-11e3-9a3e-001a4a81450b','root@localhost','2016-11-08 16:02:11',NULL,NULL);
INSERT INTO `tool_platform` (`tool_platform_id`, `tool_uuid`, `platform_uuid`, `create_user`, `create_date`, `update_user`, `update_date`) VALUES (199,'5cd726a5-4053-11e5-83f1-001a4a81450b','8d5b61ff-7c3f-11e6-88bc-001a4a81450b','root@localhost','2016-11-08 16:02:11',NULL,NULL);
INSERT INTO `tool_platform` (`tool_platform_id`, `tool_uuid`, `platform_uuid`, `create_user`, `create_date`, `update_user`, `update_date`) VALUES (200,'5cd726a5-4053-11e5-83f1-001a4a81450b','9369ab7a-7c3a-11e6-88bc-001a4a81450b','root@localhost','2016-11-08 16:02:11',NULL,NULL);
INSERT INTO `tool_platform` (`tool_platform_id`, `tool_uuid`, `platform_uuid`, `create_user`, `create_date`, `update_user`, `update_date`) VALUES (201,'5cd726a5-4053-11e5-83f1-001a4a81450b','a4f024eb-f317-11e3-8775-001a4a81450b','root@localhost','2016-11-08 16:02:11',NULL,NULL);
INSERT INTO `tool_platform` (`tool_platform_id`, `tool_uuid`, `platform_uuid`, `create_user`, `create_date`, `update_user`, `update_date`) VALUES (202,'5cd726a5-4053-11e5-83f1-001a4a81450b','d531f0f0-f273-11e3-8775-001a4a81450b','root@localhost','2016-11-08 16:02:11',NULL,NULL);
INSERT INTO `tool_platform` (`tool_platform_id`, `tool_uuid`, `platform_uuid`, `create_user`, `create_date`, `update_user`, `update_date`) VALUES (203,'5cd726a5-4053-11e5-83f1-001a4a81450b','d95fcb5f-209d-11e3-9a3e-001a4a81450b','root@localhost','2016-11-08 16:02:11',NULL,NULL);
INSERT INTO `tool_platform` (`tool_platform_id`, `tool_uuid`, `platform_uuid`, `create_user`, `create_date`, `update_user`, `update_date`) VALUES (204,'5cd726a5-4053-11e5-83f1-001a4a81450b','ee2c1193-209b-11e3-9a3e-001a4a81450b','root@localhost','2016-11-08 16:02:11',NULL,NULL);
INSERT INTO `tool_platform` (`tool_platform_id`, `tool_uuid`, `platform_uuid`, `create_user`, `create_date`, `update_user`, `update_date`) VALUES (205,'5cd726a5-4053-11e5-83f1-001a4a81450b','ef10a44c-7c3a-11e6-88bc-001a4a81450b','root@localhost','2016-11-08 16:02:11',NULL,NULL);
INSERT INTO `tool_platform` (`tool_platform_id`, `tool_uuid`, `platform_uuid`, `create_user`, `create_date`, `update_user`, `update_date`) VALUES (206,'5cd726a5-4053-11e5-83f1-001a4a81450b','fc55810b-09d7-11e3-a239-001a4a81450b','root@localhost','2016-11-08 16:02:11',NULL,NULL);
INSERT INTO `tool_platform` (`tool_platform_id`, `tool_uuid`, `platform_uuid`, `create_user`, `create_date`, `update_user`, `update_date`) VALUES (220,'63695cd8-a73e-11e4-a335-001a4a81450b','03e6bc67-7c3f-11e6-88bc-001a4a81450b','root@localhost','2016-11-08 16:02:11',NULL,NULL);
INSERT INTO `tool_platform` (`tool_platform_id`, `tool_uuid`, `platform_uuid`, `create_user`, `create_date`, `update_user`, `update_date`) VALUES (221,'63695cd8-a73e-11e4-a335-001a4a81450b','071890c4-7c3b-11e6-88bc-001a4a81450b','root@localhost','2016-11-08 16:02:11',NULL,NULL);
INSERT INTO `tool_platform` (`tool_platform_id`, `tool_uuid`, `platform_uuid`, `create_user`, `create_date`, `update_user`, `update_date`) VALUES (222,'63695cd8-a73e-11e4-a335-001a4a81450b','1088c3ce-20aa-11e3-9a3e-001a4a81450b','root@localhost','2016-11-08 16:02:11',NULL,NULL);
INSERT INTO `tool_platform` (`tool_platform_id`, `tool_uuid`, `platform_uuid`, `create_user`, `create_date`, `update_user`, `update_date`) VALUES (223,'63695cd8-a73e-11e4-a335-001a4a81450b','4604e180-7c3a-11e6-88bc-001a4a81450b','root@localhost','2016-11-08 16:02:11',NULL,NULL);
INSERT INTO `tool_platform` (`tool_platform_id`, `tool_uuid`, `platform_uuid`, `create_user`, `create_date`, `update_user`, `update_date`) VALUES (224,'63695cd8-a73e-11e4-a335-001a4a81450b','8a51ecea-209d-11e3-9a3e-001a4a81450b','root@localhost','2016-11-08 16:02:11',NULL,NULL);
INSERT INTO `tool_platform` (`tool_platform_id`, `tool_uuid`, `platform_uuid`, `create_user`, `create_date`, `update_user`, `update_date`) VALUES (225,'63695cd8-a73e-11e4-a335-001a4a81450b','8d5b61ff-7c3f-11e6-88bc-001a4a81450b','root@localhost','2016-11-08 16:02:11',NULL,NULL);
INSERT INTO `tool_platform` (`tool_platform_id`, `tool_uuid`, `platform_uuid`, `create_user`, `create_date`, `update_user`, `update_date`) VALUES (226,'63695cd8-a73e-11e4-a335-001a4a81450b','9369ab7a-7c3a-11e6-88bc-001a4a81450b','root@localhost','2016-11-08 16:02:11',NULL,NULL);
INSERT INTO `tool_platform` (`tool_platform_id`, `tool_uuid`, `platform_uuid`, `create_user`, `create_date`, `update_user`, `update_date`) VALUES (227,'63695cd8-a73e-11e4-a335-001a4a81450b','a4f024eb-f317-11e3-8775-001a4a81450b','root@localhost','2016-11-08 16:02:11',NULL,NULL);
INSERT INTO `tool_platform` (`tool_platform_id`, `tool_uuid`, `platform_uuid`, `create_user`, `create_date`, `update_user`, `update_date`) VALUES (228,'63695cd8-a73e-11e4-a335-001a4a81450b','d531f0f0-f273-11e3-8775-001a4a81450b','root@localhost','2016-11-08 16:02:11',NULL,NULL);
INSERT INTO `tool_platform` (`tool_platform_id`, `tool_uuid`, `platform_uuid`, `create_user`, `create_date`, `update_user`, `update_date`) VALUES (229,'63695cd8-a73e-11e4-a335-001a4a81450b','d95fcb5f-209d-11e3-9a3e-001a4a81450b','root@localhost','2016-11-08 16:02:11',NULL,NULL);
INSERT INTO `tool_platform` (`tool_platform_id`, `tool_uuid`, `platform_uuid`, `create_user`, `create_date`, `update_user`, `update_date`) VALUES (230,'63695cd8-a73e-11e4-a335-001a4a81450b','ee2c1193-209b-11e3-9a3e-001a4a81450b','root@localhost','2016-11-08 16:02:11',NULL,NULL);
INSERT INTO `tool_platform` (`tool_platform_id`, `tool_uuid`, `platform_uuid`, `create_user`, `create_date`, `update_user`, `update_date`) VALUES (231,'63695cd8-a73e-11e4-a335-001a4a81450b','ef10a44c-7c3a-11e6-88bc-001a4a81450b','root@localhost','2016-11-08 16:02:11',NULL,NULL);
INSERT INTO `tool_platform` (`tool_platform_id`, `tool_uuid`, `platform_uuid`, `create_user`, `create_date`, `update_user`, `update_date`) VALUES (232,'63695cd8-a73e-11e4-a335-001a4a81450b','fc55810b-09d7-11e3-a239-001a4a81450b','root@localhost','2016-11-08 16:02:11',NULL,NULL);
INSERT INTO `tool_platform` (`tool_platform_id`, `tool_uuid`, `platform_uuid`, `create_user`, `create_date`, `update_user`, `update_date`) VALUES (233,'7A08B82D-3A3B-45CA-8644-105088741AF6','03e6bc67-7c3f-11e6-88bc-001a4a81450b','root@localhost','2016-11-08 16:02:11',NULL,NULL);
INSERT INTO `tool_platform` (`tool_platform_id`, `tool_uuid`, `platform_uuid`, `create_user`, `create_date`, `update_user`, `update_date`) VALUES (234,'7A08B82D-3A3B-45CA-8644-105088741AF6','071890c4-7c3b-11e6-88bc-001a4a81450b','root@localhost','2016-11-08 16:02:11',NULL,NULL);
INSERT INTO `tool_platform` (`tool_platform_id`, `tool_uuid`, `platform_uuid`, `create_user`, `create_date`, `update_user`, `update_date`) VALUES (235,'7A08B82D-3A3B-45CA-8644-105088741AF6','1088c3ce-20aa-11e3-9a3e-001a4a81450b','root@localhost','2016-11-08 16:02:11',NULL,NULL);
INSERT INTO `tool_platform` (`tool_platform_id`, `tool_uuid`, `platform_uuid`, `create_user`, `create_date`, `update_user`, `update_date`) VALUES (236,'7A08B82D-3A3B-45CA-8644-105088741AF6','4604e180-7c3a-11e6-88bc-001a4a81450b','root@localhost','2016-11-08 16:02:11',NULL,NULL);
INSERT INTO `tool_platform` (`tool_platform_id`, `tool_uuid`, `platform_uuid`, `create_user`, `create_date`, `update_user`, `update_date`) VALUES (237,'7A08B82D-3A3B-45CA-8644-105088741AF6','8a51ecea-209d-11e3-9a3e-001a4a81450b','root@localhost','2016-11-08 16:02:11',NULL,NULL);
INSERT INTO `tool_platform` (`tool_platform_id`, `tool_uuid`, `platform_uuid`, `create_user`, `create_date`, `update_user`, `update_date`) VALUES (238,'7A08B82D-3A3B-45CA-8644-105088741AF6','8d5b61ff-7c3f-11e6-88bc-001a4a81450b','root@localhost','2016-11-08 16:02:11',NULL,NULL);
INSERT INTO `tool_platform` (`tool_platform_id`, `tool_uuid`, `platform_uuid`, `create_user`, `create_date`, `update_user`, `update_date`) VALUES (239,'7A08B82D-3A3B-45CA-8644-105088741AF6','9369ab7a-7c3a-11e6-88bc-001a4a81450b','root@localhost','2016-11-08 16:02:11',NULL,NULL);
INSERT INTO `tool_platform` (`tool_platform_id`, `tool_uuid`, `platform_uuid`, `create_user`, `create_date`, `update_user`, `update_date`) VALUES (240,'7A08B82D-3A3B-45CA-8644-105088741AF6','a4f024eb-f317-11e3-8775-001a4a81450b','root@localhost','2016-11-08 16:02:11',NULL,NULL);
INSERT INTO `tool_platform` (`tool_platform_id`, `tool_uuid`, `platform_uuid`, `create_user`, `create_date`, `update_user`, `update_date`) VALUES (241,'7A08B82D-3A3B-45CA-8644-105088741AF6','d531f0f0-f273-11e3-8775-001a4a81450b','root@localhost','2016-11-08 16:02:11',NULL,NULL);
INSERT INTO `tool_platform` (`tool_platform_id`, `tool_uuid`, `platform_uuid`, `create_user`, `create_date`, `update_user`, `update_date`) VALUES (242,'7A08B82D-3A3B-45CA-8644-105088741AF6','d95fcb5f-209d-11e3-9a3e-001a4a81450b','root@localhost','2016-11-08 16:02:11',NULL,NULL);
INSERT INTO `tool_platform` (`tool_platform_id`, `tool_uuid`, `platform_uuid`, `create_user`, `create_date`, `update_user`, `update_date`) VALUES (243,'7A08B82D-3A3B-45CA-8644-105088741AF6','ee2c1193-209b-11e3-9a3e-001a4a81450b','root@localhost','2016-11-08 16:02:11',NULL,NULL);
INSERT INTO `tool_platform` (`tool_platform_id`, `tool_uuid`, `platform_uuid`, `create_user`, `create_date`, `update_user`, `update_date`) VALUES (244,'7A08B82D-3A3B-45CA-8644-105088741AF6','ef10a44c-7c3a-11e6-88bc-001a4a81450b','root@localhost','2016-11-08 16:02:11',NULL,NULL);
INSERT INTO `tool_platform` (`tool_platform_id`, `tool_uuid`, `platform_uuid`, `create_user`, `create_date`, `update_user`, `update_date`) VALUES (245,'7A08B82D-3A3B-45CA-8644-105088741AF6','fc55810b-09d7-11e3-a239-001a4a81450b','root@localhost','2016-11-08 16:02:11',NULL,NULL);
INSERT INTO `tool_platform` (`tool_platform_id`, `tool_uuid`, `platform_uuid`, `create_user`, `create_date`, `update_user`, `update_date`) VALUES (246,'7fbfa454-8f9f-11e4-829b-001a4a81450b','03e6bc67-7c3f-11e6-88bc-001a4a81450b','root@localhost','2016-11-08 16:02:11',NULL,NULL);
INSERT INTO `tool_platform` (`tool_platform_id`, `tool_uuid`, `platform_uuid`, `create_user`, `create_date`, `update_user`, `update_date`) VALUES (247,'7fbfa454-8f9f-11e4-829b-001a4a81450b','071890c4-7c3b-11e6-88bc-001a4a81450b','root@localhost','2016-11-08 16:02:11',NULL,NULL);
INSERT INTO `tool_platform` (`tool_platform_id`, `tool_uuid`, `platform_uuid`, `create_user`, `create_date`, `update_user`, `update_date`) VALUES (248,'7fbfa454-8f9f-11e4-829b-001a4a81450b','1088c3ce-20aa-11e3-9a3e-001a4a81450b','root@localhost','2016-11-08 16:02:11',NULL,NULL);
INSERT INTO `tool_platform` (`tool_platform_id`, `tool_uuid`, `platform_uuid`, `create_user`, `create_date`, `update_user`, `update_date`) VALUES (249,'7fbfa454-8f9f-11e4-829b-001a4a81450b','4604e180-7c3a-11e6-88bc-001a4a81450b','root@localhost','2016-11-08 16:02:11',NULL,NULL);
INSERT INTO `tool_platform` (`tool_platform_id`, `tool_uuid`, `platform_uuid`, `create_user`, `create_date`, `update_user`, `update_date`) VALUES (250,'7fbfa454-8f9f-11e4-829b-001a4a81450b','8a51ecea-209d-11e3-9a3e-001a4a81450b','root@localhost','2016-11-08 16:02:11',NULL,NULL);
INSERT INTO `tool_platform` (`tool_platform_id`, `tool_uuid`, `platform_uuid`, `create_user`, `create_date`, `update_user`, `update_date`) VALUES (251,'7fbfa454-8f9f-11e4-829b-001a4a81450b','8d5b61ff-7c3f-11e6-88bc-001a4a81450b','root@localhost','2016-11-08 16:02:11',NULL,NULL);
INSERT INTO `tool_platform` (`tool_platform_id`, `tool_uuid`, `platform_uuid`, `create_user`, `create_date`, `update_user`, `update_date`) VALUES (252,'7fbfa454-8f9f-11e4-829b-001a4a81450b','9369ab7a-7c3a-11e6-88bc-001a4a81450b','root@localhost','2016-11-08 16:02:11',NULL,NULL);
INSERT INTO `tool_platform` (`tool_platform_id`, `tool_uuid`, `platform_uuid`, `create_user`, `create_date`, `update_user`, `update_date`) VALUES (253,'7fbfa454-8f9f-11e4-829b-001a4a81450b','a4f024eb-f317-11e3-8775-001a4a81450b','root@localhost','2016-11-08 16:02:11',NULL,NULL);
INSERT INTO `tool_platform` (`tool_platform_id`, `tool_uuid`, `platform_uuid`, `create_user`, `create_date`, `update_user`, `update_date`) VALUES (254,'7fbfa454-8f9f-11e4-829b-001a4a81450b','d531f0f0-f273-11e3-8775-001a4a81450b','root@localhost','2016-11-08 16:02:11',NULL,NULL);
INSERT INTO `tool_platform` (`tool_platform_id`, `tool_uuid`, `platform_uuid`, `create_user`, `create_date`, `update_user`, `update_date`) VALUES (255,'7fbfa454-8f9f-11e4-829b-001a4a81450b','d95fcb5f-209d-11e3-9a3e-001a4a81450b','root@localhost','2016-11-08 16:02:11',NULL,NULL);
INSERT INTO `tool_platform` (`tool_platform_id`, `tool_uuid`, `platform_uuid`, `create_user`, `create_date`, `update_user`, `update_date`) VALUES (256,'7fbfa454-8f9f-11e4-829b-001a4a81450b','ee2c1193-209b-11e3-9a3e-001a4a81450b','root@localhost','2016-11-08 16:02:11',NULL,NULL);
INSERT INTO `tool_platform` (`tool_platform_id`, `tool_uuid`, `platform_uuid`, `create_user`, `create_date`, `update_user`, `update_date`) VALUES (257,'7fbfa454-8f9f-11e4-829b-001a4a81450b','ef10a44c-7c3a-11e6-88bc-001a4a81450b','root@localhost','2016-11-08 16:02:11',NULL,NULL);
INSERT INTO `tool_platform` (`tool_platform_id`, `tool_uuid`, `platform_uuid`, `create_user`, `create_date`, `update_user`, `update_date`) VALUES (258,'7fbfa454-8f9f-11e4-829b-001a4a81450b','fc55810b-09d7-11e3-a239-001a4a81450b','root@localhost','2016-11-08 16:02:11',NULL,NULL);
INSERT INTO `tool_platform` (`tool_platform_id`, `tool_uuid`, `platform_uuid`, `create_user`, `create_date`, `update_user`, `update_date`) VALUES (259,'8157e489-1fbc-11e5-b6a7-001a4a81450b','03e6bc67-7c3f-11e6-88bc-001a4a81450b','root@localhost','2016-11-08 16:02:11',NULL,NULL);
INSERT INTO `tool_platform` (`tool_platform_id`, `tool_uuid`, `platform_uuid`, `create_user`, `create_date`, `update_user`, `update_date`) VALUES (260,'8157e489-1fbc-11e5-b6a7-001a4a81450b','071890c4-7c3b-11e6-88bc-001a4a81450b','root@localhost','2016-11-08 16:02:11',NULL,NULL);
INSERT INTO `tool_platform` (`tool_platform_id`, `tool_uuid`, `platform_uuid`, `create_user`, `create_date`, `update_user`, `update_date`) VALUES (261,'8157e489-1fbc-11e5-b6a7-001a4a81450b','1088c3ce-20aa-11e3-9a3e-001a4a81450b','root@localhost','2016-11-08 16:02:11',NULL,NULL);
INSERT INTO `tool_platform` (`tool_platform_id`, `tool_uuid`, `platform_uuid`, `create_user`, `create_date`, `update_user`, `update_date`) VALUES (262,'8157e489-1fbc-11e5-b6a7-001a4a81450b','4604e180-7c3a-11e6-88bc-001a4a81450b','root@localhost','2016-11-08 16:02:11',NULL,NULL);
INSERT INTO `tool_platform` (`tool_platform_id`, `tool_uuid`, `platform_uuid`, `create_user`, `create_date`, `update_user`, `update_date`) VALUES (263,'8157e489-1fbc-11e5-b6a7-001a4a81450b','8a51ecea-209d-11e3-9a3e-001a4a81450b','root@localhost','2016-11-08 16:02:11',NULL,NULL);
INSERT INTO `tool_platform` (`tool_platform_id`, `tool_uuid`, `platform_uuid`, `create_user`, `create_date`, `update_user`, `update_date`) VALUES (264,'8157e489-1fbc-11e5-b6a7-001a4a81450b','8d5b61ff-7c3f-11e6-88bc-001a4a81450b','root@localhost','2016-11-08 16:02:11',NULL,NULL);
INSERT INTO `tool_platform` (`tool_platform_id`, `tool_uuid`, `platform_uuid`, `create_user`, `create_date`, `update_user`, `update_date`) VALUES (265,'8157e489-1fbc-11e5-b6a7-001a4a81450b','9369ab7a-7c3a-11e6-88bc-001a4a81450b','root@localhost','2016-11-08 16:02:11',NULL,NULL);
INSERT INTO `tool_platform` (`tool_platform_id`, `tool_uuid`, `platform_uuid`, `create_user`, `create_date`, `update_user`, `update_date`) VALUES (266,'8157e489-1fbc-11e5-b6a7-001a4a81450b','a4f024eb-f317-11e3-8775-001a4a81450b','root@localhost','2016-11-08 16:02:11',NULL,NULL);
INSERT INTO `tool_platform` (`tool_platform_id`, `tool_uuid`, `platform_uuid`, `create_user`, `create_date`, `update_user`, `update_date`) VALUES (267,'8157e489-1fbc-11e5-b6a7-001a4a81450b','d531f0f0-f273-11e3-8775-001a4a81450b','root@localhost','2016-11-08 16:02:11',NULL,NULL);
INSERT INTO `tool_platform` (`tool_platform_id`, `tool_uuid`, `platform_uuid`, `create_user`, `create_date`, `update_user`, `update_date`) VALUES (268,'8157e489-1fbc-11e5-b6a7-001a4a81450b','d95fcb5f-209d-11e3-9a3e-001a4a81450b','root@localhost','2016-11-08 16:02:11',NULL,NULL);
INSERT INTO `tool_platform` (`tool_platform_id`, `tool_uuid`, `platform_uuid`, `create_user`, `create_date`, `update_user`, `update_date`) VALUES (269,'8157e489-1fbc-11e5-b6a7-001a4a81450b','ee2c1193-209b-11e3-9a3e-001a4a81450b','root@localhost','2016-11-08 16:02:11',NULL,NULL);
INSERT INTO `tool_platform` (`tool_platform_id`, `tool_uuid`, `platform_uuid`, `create_user`, `create_date`, `update_user`, `update_date`) VALUES (270,'8157e489-1fbc-11e5-b6a7-001a4a81450b','ef10a44c-7c3a-11e6-88bc-001a4a81450b','root@localhost','2016-11-08 16:02:11',NULL,NULL);
INSERT INTO `tool_platform` (`tool_platform_id`, `tool_uuid`, `platform_uuid`, `create_user`, `create_date`, `update_user`, `update_date`) VALUES (271,'8157e489-1fbc-11e5-b6a7-001a4a81450b','fc55810b-09d7-11e3-a239-001a4a81450b','root@localhost','2016-11-08 16:02:11',NULL,NULL);
INSERT INTO `tool_platform` (`tool_platform_id`, `tool_uuid`, `platform_uuid`, `create_user`, `create_date`, `update_user`, `update_date`) VALUES (272,'992A48A5-62EC-4EE9-8429-45BB94275A41','03e6bc67-7c3f-11e6-88bc-001a4a81450b','root@localhost','2016-11-08 16:02:11',NULL,NULL);
INSERT INTO `tool_platform` (`tool_platform_id`, `tool_uuid`, `platform_uuid`, `create_user`, `create_date`, `update_user`, `update_date`) VALUES (273,'992A48A5-62EC-4EE9-8429-45BB94275A41','071890c4-7c3b-11e6-88bc-001a4a81450b','root@localhost','2016-11-08 16:02:11',NULL,NULL);
INSERT INTO `tool_platform` (`tool_platform_id`, `tool_uuid`, `platform_uuid`, `create_user`, `create_date`, `update_user`, `update_date`) VALUES (274,'992A48A5-62EC-4EE9-8429-45BB94275A41','1088c3ce-20aa-11e3-9a3e-001a4a81450b','root@localhost','2016-11-08 16:02:11',NULL,NULL);
INSERT INTO `tool_platform` (`tool_platform_id`, `tool_uuid`, `platform_uuid`, `create_user`, `create_date`, `update_user`, `update_date`) VALUES (275,'992A48A5-62EC-4EE9-8429-45BB94275A41','4604e180-7c3a-11e6-88bc-001a4a81450b','root@localhost','2016-11-08 16:02:11',NULL,NULL);
INSERT INTO `tool_platform` (`tool_platform_id`, `tool_uuid`, `platform_uuid`, `create_user`, `create_date`, `update_user`, `update_date`) VALUES (276,'992A48A5-62EC-4EE9-8429-45BB94275A41','8a51ecea-209d-11e3-9a3e-001a4a81450b','root@localhost','2016-11-08 16:02:11',NULL,NULL);
INSERT INTO `tool_platform` (`tool_platform_id`, `tool_uuid`, `platform_uuid`, `create_user`, `create_date`, `update_user`, `update_date`) VALUES (277,'992A48A5-62EC-4EE9-8429-45BB94275A41','8d5b61ff-7c3f-11e6-88bc-001a4a81450b','root@localhost','2016-11-08 16:02:11',NULL,NULL);
INSERT INTO `tool_platform` (`tool_platform_id`, `tool_uuid`, `platform_uuid`, `create_user`, `create_date`, `update_user`, `update_date`) VALUES (278,'992A48A5-62EC-4EE9-8429-45BB94275A41','9369ab7a-7c3a-11e6-88bc-001a4a81450b','root@localhost','2016-11-08 16:02:11',NULL,NULL);
INSERT INTO `tool_platform` (`tool_platform_id`, `tool_uuid`, `platform_uuid`, `create_user`, `create_date`, `update_user`, `update_date`) VALUES (279,'992A48A5-62EC-4EE9-8429-45BB94275A41','a4f024eb-f317-11e3-8775-001a4a81450b','root@localhost','2016-11-08 16:02:11',NULL,NULL);
INSERT INTO `tool_platform` (`tool_platform_id`, `tool_uuid`, `platform_uuid`, `create_user`, `create_date`, `update_user`, `update_date`) VALUES (280,'992A48A5-62EC-4EE9-8429-45BB94275A41','d531f0f0-f273-11e3-8775-001a4a81450b','root@localhost','2016-11-08 16:02:11',NULL,NULL);
INSERT INTO `tool_platform` (`tool_platform_id`, `tool_uuid`, `platform_uuid`, `create_user`, `create_date`, `update_user`, `update_date`) VALUES (281,'992A48A5-62EC-4EE9-8429-45BB94275A41','d95fcb5f-209d-11e3-9a3e-001a4a81450b','root@localhost','2016-11-08 16:02:11',NULL,NULL);
INSERT INTO `tool_platform` (`tool_platform_id`, `tool_uuid`, `platform_uuid`, `create_user`, `create_date`, `update_user`, `update_date`) VALUES (282,'992A48A5-62EC-4EE9-8429-45BB94275A41','ee2c1193-209b-11e3-9a3e-001a4a81450b','root@localhost','2016-11-08 16:02:11',NULL,NULL);
INSERT INTO `tool_platform` (`tool_platform_id`, `tool_uuid`, `platform_uuid`, `create_user`, `create_date`, `update_user`, `update_date`) VALUES (283,'992A48A5-62EC-4EE9-8429-45BB94275A41','ef10a44c-7c3a-11e6-88bc-001a4a81450b','root@localhost','2016-11-08 16:02:11',NULL,NULL);
INSERT INTO `tool_platform` (`tool_platform_id`, `tool_uuid`, `platform_uuid`, `create_user`, `create_date`, `update_user`, `update_date`) VALUES (284,'992A48A5-62EC-4EE9-8429-45BB94275A41','fc55810b-09d7-11e3-a239-001a4a81450b','root@localhost','2016-11-08 16:02:11',NULL,NULL);
INSERT INTO `tool_platform` (`tool_platform_id`, `tool_uuid`, `platform_uuid`, `create_user`, `create_date`, `update_user`, `update_date`) VALUES (285,'b9560648-4057-11e5-83f1-001a4a81450b','03e6bc67-7c3f-11e6-88bc-001a4a81450b','root@localhost','2016-11-08 16:02:11',NULL,NULL);
INSERT INTO `tool_platform` (`tool_platform_id`, `tool_uuid`, `platform_uuid`, `create_user`, `create_date`, `update_user`, `update_date`) VALUES (286,'b9560648-4057-11e5-83f1-001a4a81450b','071890c4-7c3b-11e6-88bc-001a4a81450b','root@localhost','2016-11-08 16:02:11',NULL,NULL);
INSERT INTO `tool_platform` (`tool_platform_id`, `tool_uuid`, `platform_uuid`, `create_user`, `create_date`, `update_user`, `update_date`) VALUES (287,'b9560648-4057-11e5-83f1-001a4a81450b','1088c3ce-20aa-11e3-9a3e-001a4a81450b','root@localhost','2016-11-08 16:02:11',NULL,NULL);
INSERT INTO `tool_platform` (`tool_platform_id`, `tool_uuid`, `platform_uuid`, `create_user`, `create_date`, `update_user`, `update_date`) VALUES (288,'b9560648-4057-11e5-83f1-001a4a81450b','4604e180-7c3a-11e6-88bc-001a4a81450b','root@localhost','2016-11-08 16:02:11',NULL,NULL);
INSERT INTO `tool_platform` (`tool_platform_id`, `tool_uuid`, `platform_uuid`, `create_user`, `create_date`, `update_user`, `update_date`) VALUES (289,'b9560648-4057-11e5-83f1-001a4a81450b','8a51ecea-209d-11e3-9a3e-001a4a81450b','root@localhost','2016-11-08 16:02:11',NULL,NULL);
INSERT INTO `tool_platform` (`tool_platform_id`, `tool_uuid`, `platform_uuid`, `create_user`, `create_date`, `update_user`, `update_date`) VALUES (290,'b9560648-4057-11e5-83f1-001a4a81450b','8d5b61ff-7c3f-11e6-88bc-001a4a81450b','root@localhost','2016-11-08 16:02:11',NULL,NULL);
INSERT INTO `tool_platform` (`tool_platform_id`, `tool_uuid`, `platform_uuid`, `create_user`, `create_date`, `update_user`, `update_date`) VALUES (291,'b9560648-4057-11e5-83f1-001a4a81450b','9369ab7a-7c3a-11e6-88bc-001a4a81450b','root@localhost','2016-11-08 16:02:11',NULL,NULL);
INSERT INTO `tool_platform` (`tool_platform_id`, `tool_uuid`, `platform_uuid`, `create_user`, `create_date`, `update_user`, `update_date`) VALUES (292,'b9560648-4057-11e5-83f1-001a4a81450b','a4f024eb-f317-11e3-8775-001a4a81450b','root@localhost','2016-11-08 16:02:11',NULL,NULL);
INSERT INTO `tool_platform` (`tool_platform_id`, `tool_uuid`, `platform_uuid`, `create_user`, `create_date`, `update_user`, `update_date`) VALUES (293,'b9560648-4057-11e5-83f1-001a4a81450b','d531f0f0-f273-11e3-8775-001a4a81450b','root@localhost','2016-11-08 16:02:11',NULL,NULL);
INSERT INTO `tool_platform` (`tool_platform_id`, `tool_uuid`, `platform_uuid`, `create_user`, `create_date`, `update_user`, `update_date`) VALUES (294,'b9560648-4057-11e5-83f1-001a4a81450b','d95fcb5f-209d-11e3-9a3e-001a4a81450b','root@localhost','2016-11-08 16:02:11',NULL,NULL);
INSERT INTO `tool_platform` (`tool_platform_id`, `tool_uuid`, `platform_uuid`, `create_user`, `create_date`, `update_user`, `update_date`) VALUES (295,'b9560648-4057-11e5-83f1-001a4a81450b','ee2c1193-209b-11e3-9a3e-001a4a81450b','root@localhost','2016-11-08 16:02:11',NULL,NULL);
INSERT INTO `tool_platform` (`tool_platform_id`, `tool_uuid`, `platform_uuid`, `create_user`, `create_date`, `update_user`, `update_date`) VALUES (296,'b9560648-4057-11e5-83f1-001a4a81450b','ef10a44c-7c3a-11e6-88bc-001a4a81450b','root@localhost','2016-11-08 16:02:11',NULL,NULL);
INSERT INTO `tool_platform` (`tool_platform_id`, `tool_uuid`, `platform_uuid`, `create_user`, `create_date`, `update_user`, `update_date`) VALUES (297,'b9560648-4057-11e5-83f1-001a4a81450b','fc55810b-09d7-11e3-a239-001a4a81450b','root@localhost','2016-11-08 16:02:11',NULL,NULL);
INSERT INTO `tool_platform` (`tool_platform_id`, `tool_uuid`, `platform_uuid`, `create_user`, `create_date`, `update_user`, `update_date`) VALUES (298,'d032d8ec-9184-11e6-88bc-001a4a81450b','03e6bc67-7c3f-11e6-88bc-001a4a81450b','root@localhost','2016-11-08 16:02:11',NULL,NULL);
INSERT INTO `tool_platform` (`tool_platform_id`, `tool_uuid`, `platform_uuid`, `create_user`, `create_date`, `update_user`, `update_date`) VALUES (299,'d032d8ec-9184-11e6-88bc-001a4a81450b','071890c4-7c3b-11e6-88bc-001a4a81450b','root@localhost','2016-11-08 16:02:11',NULL,NULL);
INSERT INTO `tool_platform` (`tool_platform_id`, `tool_uuid`, `platform_uuid`, `create_user`, `create_date`, `update_user`, `update_date`) VALUES (300,'d032d8ec-9184-11e6-88bc-001a4a81450b','1088c3ce-20aa-11e3-9a3e-001a4a81450b','root@localhost','2016-11-08 16:02:11',NULL,NULL);
INSERT INTO `tool_platform` (`tool_platform_id`, `tool_uuid`, `platform_uuid`, `create_user`, `create_date`, `update_user`, `update_date`) VALUES (301,'d032d8ec-9184-11e6-88bc-001a4a81450b','4604e180-7c3a-11e6-88bc-001a4a81450b','root@localhost','2016-11-08 16:02:11',NULL,NULL);
INSERT INTO `tool_platform` (`tool_platform_id`, `tool_uuid`, `platform_uuid`, `create_user`, `create_date`, `update_user`, `update_date`) VALUES (302,'d032d8ec-9184-11e6-88bc-001a4a81450b','8a51ecea-209d-11e3-9a3e-001a4a81450b','root@localhost','2016-11-08 16:02:11',NULL,NULL);
INSERT INTO `tool_platform` (`tool_platform_id`, `tool_uuid`, `platform_uuid`, `create_user`, `create_date`, `update_user`, `update_date`) VALUES (303,'d032d8ec-9184-11e6-88bc-001a4a81450b','8d5b61ff-7c3f-11e6-88bc-001a4a81450b','root@localhost','2016-11-08 16:02:11',NULL,NULL);
INSERT INTO `tool_platform` (`tool_platform_id`, `tool_uuid`, `platform_uuid`, `create_user`, `create_date`, `update_user`, `update_date`) VALUES (304,'d032d8ec-9184-11e6-88bc-001a4a81450b','9369ab7a-7c3a-11e6-88bc-001a4a81450b','root@localhost','2016-11-08 16:02:11',NULL,NULL);
INSERT INTO `tool_platform` (`tool_platform_id`, `tool_uuid`, `platform_uuid`, `create_user`, `create_date`, `update_user`, `update_date`) VALUES (305,'d032d8ec-9184-11e6-88bc-001a4a81450b','a4f024eb-f317-11e3-8775-001a4a81450b','root@localhost','2016-11-08 16:02:11',NULL,NULL);
INSERT INTO `tool_platform` (`tool_platform_id`, `tool_uuid`, `platform_uuid`, `create_user`, `create_date`, `update_user`, `update_date`) VALUES (306,'d032d8ec-9184-11e6-88bc-001a4a81450b','d531f0f0-f273-11e3-8775-001a4a81450b','root@localhost','2016-11-08 16:02:11',NULL,NULL);
INSERT INTO `tool_platform` (`tool_platform_id`, `tool_uuid`, `platform_uuid`, `create_user`, `create_date`, `update_user`, `update_date`) VALUES (307,'d032d8ec-9184-11e6-88bc-001a4a81450b','d95fcb5f-209d-11e3-9a3e-001a4a81450b','root@localhost','2016-11-08 16:02:11',NULL,NULL);
INSERT INTO `tool_platform` (`tool_platform_id`, `tool_uuid`, `platform_uuid`, `create_user`, `create_date`, `update_user`, `update_date`) VALUES (308,'d032d8ec-9184-11e6-88bc-001a4a81450b','ee2c1193-209b-11e3-9a3e-001a4a81450b','root@localhost','2016-11-08 16:02:11',NULL,NULL);
INSERT INTO `tool_platform` (`tool_platform_id`, `tool_uuid`, `platform_uuid`, `create_user`, `create_date`, `update_user`, `update_date`) VALUES (309,'d032d8ec-9184-11e6-88bc-001a4a81450b','ef10a44c-7c3a-11e6-88bc-001a4a81450b','root@localhost','2016-11-08 16:02:11',NULL,NULL);
INSERT INTO `tool_platform` (`tool_platform_id`, `tool_uuid`, `platform_uuid`, `create_user`, `create_date`, `update_user`, `update_date`) VALUES (310,'d032d8ec-9184-11e6-88bc-001a4a81450b','fc55810b-09d7-11e3-a239-001a4a81450b','root@localhost','2016-11-08 16:02:11',NULL,NULL);
INSERT INTO `tool_platform` (`tool_platform_id`, `tool_uuid`, `platform_uuid`, `create_user`, `create_date`, `update_user`, `update_date`) VALUES (311,'ebcab7f6-0935-11e5-b6a7-001a4a81450b','03e6bc67-7c3f-11e6-88bc-001a4a81450b','root@localhost','2016-11-08 16:02:11',NULL,NULL);
INSERT INTO `tool_platform` (`tool_platform_id`, `tool_uuid`, `platform_uuid`, `create_user`, `create_date`, `update_user`, `update_date`) VALUES (312,'ebcab7f6-0935-11e5-b6a7-001a4a81450b','071890c4-7c3b-11e6-88bc-001a4a81450b','root@localhost','2016-11-08 16:02:11',NULL,NULL);
INSERT INTO `tool_platform` (`tool_platform_id`, `tool_uuid`, `platform_uuid`, `create_user`, `create_date`, `update_user`, `update_date`) VALUES (313,'ebcab7f6-0935-11e5-b6a7-001a4a81450b','1088c3ce-20aa-11e3-9a3e-001a4a81450b','root@localhost','2016-11-08 16:02:11',NULL,NULL);
INSERT INTO `tool_platform` (`tool_platform_id`, `tool_uuid`, `platform_uuid`, `create_user`, `create_date`, `update_user`, `update_date`) VALUES (314,'ebcab7f6-0935-11e5-b6a7-001a4a81450b','4604e180-7c3a-11e6-88bc-001a4a81450b','root@localhost','2016-11-08 16:02:11',NULL,NULL);
INSERT INTO `tool_platform` (`tool_platform_id`, `tool_uuid`, `platform_uuid`, `create_user`, `create_date`, `update_user`, `update_date`) VALUES (315,'ebcab7f6-0935-11e5-b6a7-001a4a81450b','8a51ecea-209d-11e3-9a3e-001a4a81450b','root@localhost','2016-11-08 16:02:11',NULL,NULL);
INSERT INTO `tool_platform` (`tool_platform_id`, `tool_uuid`, `platform_uuid`, `create_user`, `create_date`, `update_user`, `update_date`) VALUES (316,'ebcab7f6-0935-11e5-b6a7-001a4a81450b','8d5b61ff-7c3f-11e6-88bc-001a4a81450b','root@localhost','2016-11-08 16:02:11',NULL,NULL);
INSERT INTO `tool_platform` (`tool_platform_id`, `tool_uuid`, `platform_uuid`, `create_user`, `create_date`, `update_user`, `update_date`) VALUES (317,'ebcab7f6-0935-11e5-b6a7-001a4a81450b','9369ab7a-7c3a-11e6-88bc-001a4a81450b','root@localhost','2016-11-08 16:02:11',NULL,NULL);
INSERT INTO `tool_platform` (`tool_platform_id`, `tool_uuid`, `platform_uuid`, `create_user`, `create_date`, `update_user`, `update_date`) VALUES (318,'ebcab7f6-0935-11e5-b6a7-001a4a81450b','a4f024eb-f317-11e3-8775-001a4a81450b','root@localhost','2016-11-08 16:02:11',NULL,NULL);
INSERT INTO `tool_platform` (`tool_platform_id`, `tool_uuid`, `platform_uuid`, `create_user`, `create_date`, `update_user`, `update_date`) VALUES (319,'ebcab7f6-0935-11e5-b6a7-001a4a81450b','d531f0f0-f273-11e3-8775-001a4a81450b','root@localhost','2016-11-08 16:02:11',NULL,NULL);
INSERT INTO `tool_platform` (`tool_platform_id`, `tool_uuid`, `platform_uuid`, `create_user`, `create_date`, `update_user`, `update_date`) VALUES (320,'ebcab7f6-0935-11e5-b6a7-001a4a81450b','d95fcb5f-209d-11e3-9a3e-001a4a81450b','root@localhost','2016-11-08 16:02:11',NULL,NULL);
INSERT INTO `tool_platform` (`tool_platform_id`, `tool_uuid`, `platform_uuid`, `create_user`, `create_date`, `update_user`, `update_date`) VALUES (321,'ebcab7f6-0935-11e5-b6a7-001a4a81450b','ee2c1193-209b-11e3-9a3e-001a4a81450b','root@localhost','2016-11-08 16:02:11',NULL,NULL);
INSERT INTO `tool_platform` (`tool_platform_id`, `tool_uuid`, `platform_uuid`, `create_user`, `create_date`, `update_user`, `update_date`) VALUES (322,'ebcab7f6-0935-11e5-b6a7-001a4a81450b','ef10a44c-7c3a-11e6-88bc-001a4a81450b','root@localhost','2016-11-08 16:02:11',NULL,NULL);
INSERT INTO `tool_platform` (`tool_platform_id`, `tool_uuid`, `platform_uuid`, `create_user`, `create_date`, `update_user`, `update_date`) VALUES (323,'ebcab7f6-0935-11e5-b6a7-001a4a81450b','fc55810b-09d7-11e3-a239-001a4a81450b','root@localhost','2016-11-08 16:02:11',NULL,NULL);
INSERT INTO `tool_platform` (`tool_platform_id`, `tool_uuid`, `platform_uuid`, `create_user`, `create_date`, `update_user`, `update_date`) VALUES (324,'f212557c-3050-11e3-9a3e-001a4a81450b','03e6bc67-7c3f-11e6-88bc-001a4a81450b','root@localhost','2016-11-08 16:02:11',NULL,NULL);
INSERT INTO `tool_platform` (`tool_platform_id`, `tool_uuid`, `platform_uuid`, `create_user`, `create_date`, `update_user`, `update_date`) VALUES (325,'f212557c-3050-11e3-9a3e-001a4a81450b','071890c4-7c3b-11e6-88bc-001a4a81450b','root@localhost','2016-11-08 16:02:11',NULL,NULL);
INSERT INTO `tool_platform` (`tool_platform_id`, `tool_uuid`, `platform_uuid`, `create_user`, `create_date`, `update_user`, `update_date`) VALUES (326,'f212557c-3050-11e3-9a3e-001a4a81450b','1088c3ce-20aa-11e3-9a3e-001a4a81450b','root@localhost','2016-11-08 16:02:11',NULL,NULL);
INSERT INTO `tool_platform` (`tool_platform_id`, `tool_uuid`, `platform_uuid`, `create_user`, `create_date`, `update_user`, `update_date`) VALUES (327,'f212557c-3050-11e3-9a3e-001a4a81450b','4604e180-7c3a-11e6-88bc-001a4a81450b','root@localhost','2016-11-08 16:02:11',NULL,NULL);
INSERT INTO `tool_platform` (`tool_platform_id`, `tool_uuid`, `platform_uuid`, `create_user`, `create_date`, `update_user`, `update_date`) VALUES (328,'f212557c-3050-11e3-9a3e-001a4a81450b','8a51ecea-209d-11e3-9a3e-001a4a81450b','root@localhost','2016-11-08 16:02:11',NULL,NULL);
INSERT INTO `tool_platform` (`tool_platform_id`, `tool_uuid`, `platform_uuid`, `create_user`, `create_date`, `update_user`, `update_date`) VALUES (329,'f212557c-3050-11e3-9a3e-001a4a81450b','8d5b61ff-7c3f-11e6-88bc-001a4a81450b','root@localhost','2016-11-08 16:02:11',NULL,NULL);
INSERT INTO `tool_platform` (`tool_platform_id`, `tool_uuid`, `platform_uuid`, `create_user`, `create_date`, `update_user`, `update_date`) VALUES (330,'f212557c-3050-11e3-9a3e-001a4a81450b','9369ab7a-7c3a-11e6-88bc-001a4a81450b','root@localhost','2016-11-08 16:02:11',NULL,NULL);
INSERT INTO `tool_platform` (`tool_platform_id`, `tool_uuid`, `platform_uuid`, `create_user`, `create_date`, `update_user`, `update_date`) VALUES (331,'f212557c-3050-11e3-9a3e-001a4a81450b','a4f024eb-f317-11e3-8775-001a4a81450b','root@localhost','2016-11-08 16:02:11',NULL,NULL);
INSERT INTO `tool_platform` (`tool_platform_id`, `tool_uuid`, `platform_uuid`, `create_user`, `create_date`, `update_user`, `update_date`) VALUES (332,'f212557c-3050-11e3-9a3e-001a4a81450b','d531f0f0-f273-11e3-8775-001a4a81450b','root@localhost','2016-11-08 16:02:11',NULL,NULL);
INSERT INTO `tool_platform` (`tool_platform_id`, `tool_uuid`, `platform_uuid`, `create_user`, `create_date`, `update_user`, `update_date`) VALUES (333,'f212557c-3050-11e3-9a3e-001a4a81450b','d95fcb5f-209d-11e3-9a3e-001a4a81450b','root@localhost','2016-11-08 16:02:11',NULL,NULL);
INSERT INTO `tool_platform` (`tool_platform_id`, `tool_uuid`, `platform_uuid`, `create_user`, `create_date`, `update_user`, `update_date`) VALUES (334,'f212557c-3050-11e3-9a3e-001a4a81450b','ee2c1193-209b-11e3-9a3e-001a4a81450b','root@localhost','2016-11-08 16:02:11',NULL,NULL);
INSERT INTO `tool_platform` (`tool_platform_id`, `tool_uuid`, `platform_uuid`, `create_user`, `create_date`, `update_user`, `update_date`) VALUES (335,'f212557c-3050-11e3-9a3e-001a4a81450b','ef10a44c-7c3a-11e6-88bc-001a4a81450b','root@localhost','2016-11-08 16:02:11',NULL,NULL);
INSERT INTO `tool_platform` (`tool_platform_id`, `tool_uuid`, `platform_uuid`, `create_user`, `create_date`, `update_user`, `update_date`) VALUES (336,'f212557c-3050-11e3-9a3e-001a4a81450b','fc55810b-09d7-11e3-a239-001a4a81450b','root@localhost','2016-11-08 16:02:11',NULL,NULL);
INSERT INTO `tool_platform` (`tool_platform_id`, `tool_uuid`, `platform_uuid`, `create_user`, `create_date`, `update_user`, `update_date`) VALUES (588,'163d56a7-156e-11e3-a239-001a4a81450b','48f9a9b0-976f-11e4-829b-001a4a81450b','root@localhost','2016-11-08 16:02:11',NULL,NULL);
INSERT INTO `tool_platform` (`tool_platform_id`, `tool_uuid`, `platform_uuid`, `create_user`, `create_date`, `update_user`, `update_date`) VALUES (589,'163f2b01-156e-11e3-a239-001a4a81450b','48f9a9b0-976f-11e4-829b-001a4a81450b','root@localhost','2016-11-08 16:02:11',NULL,NULL);
INSERT INTO `tool_platform` (`tool_platform_id`, `tool_uuid`, `platform_uuid`, `create_user`, `create_date`, `update_user`, `update_date`) VALUES (590,'56872C2E-1D78-4DB0-B976-83ACF5424C52','48f9a9b0-976f-11e4-829b-001a4a81450b','root@localhost','2016-11-08 16:02:11',NULL,NULL);
INSERT INTO `tool_platform` (`tool_platform_id`, `tool_uuid`, `platform_uuid`, `create_user`, `create_date`, `update_user`, `update_date`) VALUES (592,'738b81f0-a828-11e5-865f-001a4a81450b','48f9a9b0-976f-11e4-829b-001a4a81450b','root@localhost','2016-11-08 16:02:11',NULL,NULL);
INSERT INTO `tool_platform` (`tool_platform_id`, `tool_uuid`, `platform_uuid`, `create_user`, `create_date`, `update_user`, `update_date`) VALUES (593,'9289b560-8f8b-11e4-829b-001a4a81450b','48f9a9b0-976f-11e4-829b-001a4a81450b','root@localhost','2016-11-08 16:02:11',NULL,NULL);
INSERT INTO `tool_platform` (`tool_platform_id`, `tool_uuid`, `platform_uuid`, `create_user`, `create_date`, `update_user`, `update_date`) VALUES (594,'992A48A5-62EC-4EE9-8429-45BB94275A41','48f9a9b0-976f-11e4-829b-001a4a81450b','root@localhost','2016-11-08 16:02:11',NULL,NULL);
UNLOCK TABLES;

LOCK TABLES `tool_viewer_incompatibility` WRITE;
INSERT INTO `tool_viewer_incompatibility` (`tool_viewer_id`, `tool_uuid`, `viewer_uuid`, `create_user`, `create_date`, `update_user`, `update_date`) VALUES (1,'b9560648-4057-11e5-83f1-001a4a81450b','4221533e-865a-11e3-88bb-001a4a81450b',NULL,'2016-04-12 15:06:18',NULL,NULL);
INSERT INTO `tool_viewer_incompatibility` (`tool_viewer_id`, `tool_uuid`, `viewer_uuid`, `create_user`, `create_date`, `update_user`, `update_date`) VALUES (2,'738b81f0-a828-11e5-865f-001a4a81450b','4221533e-865a-11e3-88bb-001a4a81450b',NULL,'2016-04-12 15:06:18',NULL,NULL);
INSERT INTO `tool_viewer_incompatibility` (`tool_viewer_id`, `tool_uuid`, `viewer_uuid`, `create_user`, `create_date`, `update_user`, `update_date`) VALUES (3,'0f668fb0-4421-11e4-a4f3-001a4a81450b','a0e1d0fb-bfb2-11e5-bf72-001a4a814413','root@localhost','2016-07-28 15:01:33',NULL,NULL);
INSERT INTO `tool_viewer_incompatibility` (`tool_viewer_id`, `tool_uuid`, `viewer_uuid`, `create_user`, `create_date`, `update_user`, `update_date`) VALUES (5,'163d56a7-156e-11e3-a239-001a4a81450b','a0e1d0fb-bfb2-11e5-bf72-001a4a814413','root@localhost','2016-07-28 15:01:33',NULL,NULL);
INSERT INTO `tool_viewer_incompatibility` (`tool_viewer_id`, `tool_uuid`, `viewer_uuid`, `create_user`, `create_date`, `update_user`, `update_date`) VALUES (6,'163e5d8c-156e-11e3-a239-001a4a81450b','a0e1d0fb-bfb2-11e5-bf72-001a4a814413','root@localhost','2016-07-28 15:01:33',NULL,NULL);
INSERT INTO `tool_viewer_incompatibility` (`tool_viewer_id`, `tool_uuid`, `viewer_uuid`, `create_user`, `create_date`, `update_user`, `update_date`) VALUES (7,'163f2b01-156e-11e3-a239-001a4a81450b','a0e1d0fb-bfb2-11e5-bf72-001a4a814413','root@localhost','2016-07-28 15:01:33',NULL,NULL);
INSERT INTO `tool_viewer_incompatibility` (`tool_viewer_id`, `tool_uuid`, `viewer_uuid`, `create_user`, `create_date`, `update_user`, `update_date`) VALUES (10,'56872C2E-1D78-4DB0-B976-83ACF5424C52','a0e1d0fb-bfb2-11e5-bf72-001a4a814413','root@localhost','2016-07-28 15:01:33',NULL,NULL);
INSERT INTO `tool_viewer_incompatibility` (`tool_viewer_id`, `tool_uuid`, `viewer_uuid`, `create_user`, `create_date`, `update_user`, `update_date`) VALUES (11,'59612f24-0946-11e5-b6a7-001a4a81450b','a0e1d0fb-bfb2-11e5-bf72-001a4a814413','root@localhost','2016-07-28 15:01:33',NULL,NULL);
INSERT INTO `tool_viewer_incompatibility` (`tool_viewer_id`, `tool_uuid`, `viewer_uuid`, `create_user`, `create_date`, `update_user`, `update_date`) VALUES (12,'5cd726a5-4053-11e5-83f1-001a4a81450b','a0e1d0fb-bfb2-11e5-bf72-001a4a814413','root@localhost','2016-07-28 15:01:33',NULL,NULL);
INSERT INTO `tool_viewer_incompatibility` (`tool_viewer_id`, `tool_uuid`, `viewer_uuid`, `create_user`, `create_date`, `update_user`, `update_date`) VALUES (14,'63695cd8-a73e-11e4-a335-001a4a81450b','a0e1d0fb-bfb2-11e5-bf72-001a4a814413','root@localhost','2016-07-28 15:01:33',NULL,NULL);
INSERT INTO `tool_viewer_incompatibility` (`tool_viewer_id`, `tool_uuid`, `viewer_uuid`, `create_user`, `create_date`, `update_user`, `update_date`) VALUES (15,'738b81f0-a828-11e5-865f-001a4a81450b','a0e1d0fb-bfb2-11e5-bf72-001a4a814413','root@localhost','2016-07-28 15:01:33',NULL,NULL);
INSERT INTO `tool_viewer_incompatibility` (`tool_viewer_id`, `tool_uuid`, `viewer_uuid`, `create_user`, `create_date`, `update_user`, `update_date`) VALUES (16,'7A08B82D-3A3B-45CA-8644-105088741AF6','a0e1d0fb-bfb2-11e5-bf72-001a4a814413','root@localhost','2016-07-28 15:01:33',NULL,NULL);
INSERT INTO `tool_viewer_incompatibility` (`tool_viewer_id`, `tool_uuid`, `viewer_uuid`, `create_user`, `create_date`, `update_user`, `update_date`) VALUES (17,'7fbfa454-8f9f-11e4-829b-001a4a81450b','a0e1d0fb-bfb2-11e5-bf72-001a4a814413','root@localhost','2016-07-28 15:01:33',NULL,NULL);
INSERT INTO `tool_viewer_incompatibility` (`tool_viewer_id`, `tool_uuid`, `viewer_uuid`, `create_user`, `create_date`, `update_user`, `update_date`) VALUES (18,'8157e489-1fbc-11e5-b6a7-001a4a81450b','a0e1d0fb-bfb2-11e5-bf72-001a4a814413','root@localhost','2016-07-28 15:01:33',NULL,NULL);
INSERT INTO `tool_viewer_incompatibility` (`tool_viewer_id`, `tool_uuid`, `viewer_uuid`, `create_user`, `create_date`, `update_user`, `update_date`) VALUES (19,'9289b560-8f8b-11e4-829b-001a4a81450b','a0e1d0fb-bfb2-11e5-bf72-001a4a814413','root@localhost','2016-07-28 15:01:33',NULL,NULL);
INSERT INTO `tool_viewer_incompatibility` (`tool_viewer_id`, `tool_uuid`, `viewer_uuid`, `create_user`, `create_date`, `update_user`, `update_date`) VALUES (20,'992A48A5-62EC-4EE9-8429-45BB94275A41','a0e1d0fb-bfb2-11e5-bf72-001a4a814413','root@localhost','2016-07-28 15:01:33',NULL,NULL);
INSERT INTO `tool_viewer_incompatibility` (`tool_viewer_id`, `tool_uuid`, `viewer_uuid`, `create_user`, `create_date`, `update_user`, `update_date`) VALUES (21,'b9560648-4057-11e5-83f1-001a4a81450b','a0e1d0fb-bfb2-11e5-bf72-001a4a814413','root@localhost','2016-07-28 15:01:33',NULL,NULL);
INSERT INTO `tool_viewer_incompatibility` (`tool_viewer_id`, `tool_uuid`, `viewer_uuid`, `create_user`, `create_date`, `update_user`, `update_date`) VALUES (22,'ebcab7f6-0935-11e5-b6a7-001a4a81450b','a0e1d0fb-bfb2-11e5-bf72-001a4a814413','root@localhost','2016-07-28 15:01:33',NULL,NULL);
INSERT INTO `tool_viewer_incompatibility` (`tool_viewer_id`, `tool_uuid`, `viewer_uuid`, `create_user`, `create_date`, `update_user`, `update_date`) VALUES (23,'d032d8ec-9184-11e6-88bc-001a4a81450b','a0e1d0fb-bfb2-11e5-bf72-001a4a814413','root@localhost','2016-11-08 16:02:11',NULL,NULL);
UNLOCK TABLES;
/*!40103 SET TIME_ZONE=@OLD_TIME_ZONE */;

/*!40101 SET SQL_MODE=@OLD_SQL_MODE */;
/*!40014 SET FOREIGN_KEY_CHECKS=@OLD_FOREIGN_KEY_CHECKS */;
/*!40111 SET SQL_NOTES=@OLD_SQL_NOTES */;